vehicle_id,vehicle_type,mileage,avg_daily_km,engine_health,brakes_health,tyres_health,battery_health,coolant_temp_c,vibration_rms,brake_pad_mm,days_since_last_service,is_overdue,risk_score,failure_within_30d
FL-1001,Heavy Truck,185549,362,73.7,57.9,48.3,84.6,89.8,1.68,7.7,90,0,31,0
FL-1002,Rigid Truck,439756,437,92.4,69.2,75.9,61.5,84.1,1.06,8.9,157,1,50,0
FL-1003,Mini Truck,110445,299,88.5,66.8,78.7,61.3,86.2,1.18,8.7,171,1,47,0
FL-1004,Mini Truck,93509,306,96.2,91.4,31.2,80.3,84.6,0.87,11.2,124,1,40,0
FL-1005,Heavy Truck,403277,186,76.9,29.6,25.9,91.6,88.3,1.63,5,132,1,68,1
FL-1006,Rigid Truck,56548,438,67.8,80.1,65.7,50.4,92.9,1.71,9.9,113,1,51,0
FL-1007,Heavy Truck,208262,387,36,89.1,64.4,79.1,101.3,2.84,11,4,0,35,0
FL-1008,Rigid Truck,38550,375,74.1,74,91.9,33.3,90.6,1.74,9.4,166,1,47,1
FL-1009,Rigid Truck,504570,212,31.1,70.1,77,45.9,103.5,3.13,9.1,174,1,70,1
FL-1010,Mini Truck,462762,113,52.4,39.6,57.8,83.6,96.3,2.34,6,22,0,45,0
FL-1011,Heavy Truck,135952,210,57.8,82.7,94.6,75.9,96.3,2.11,10.2,108,1,47,0
FL-1012,Rigid Truck,221336,247,62.9,32.8,30.5,57.1,93.3,2.06,5,112,1,70,1
FL-1013,Light Truck,309353,392,92.4,93.8,75.6,73.3,83.1,0.9,11.5,166,1,38,1
FL-1014,Mini Truck,556221,154,24.7,21.3,72.4,42.5,105,3.45,3.9,122,1,86,1
FL-1015,Heavy Truck,500554,414,86.3,98.4,48.7,70.9,87.4,1.08,11.9,50,0,22,0
FL-1016,Mini Truck,127105,365,47,91.7,33.8,35.7,98.1,2.62,11.3,85,0,37,0
FL-1017,Mini Truck,293642,88,61.4,42.3,45.2,43.6,95.8,2.02,6.2,141,1,71,1
FL-1018,Mini Truck,328006,402,57.7,71.3,41.4,44.5,95.2,2.28,9.2,28,0,40,0
FL-1019,Heavy Truck,336336,370,63.2,29.4,57,92.2,93.8,1.91,5,111,1,65,0
FL-1020,Light Truck,144280,201,59.8,67.3,69.8,65.5,95.9,2.19,8.5,80,0,32,0
FL-1021,Heavy Truck,387876,203,32,22.8,25.1,94.6,102.9,3.16,4.1,8,0,58,0
FL-1022,Utility Pickup,58452,313,25.7,61,56,98.3,104.5,3.24,8.1,171,1,64,1
FL-1023,Rigid Truck,45667,439,24.4,29,79.1,39.7,105.3,3.37,4.9,39,0,53,0
FL-1024,Heavy Truck,332541,424,58,86.9,68.4,70.1,95.8,2.11,10.5,94,1,52,0
FL-1025,Rigid Truck,182123,158,25.7,74.1,81.3,85.9,107.1,3.32,9.3,42,0,36,0
FL-1026,Heavy Truck,318958,92,71.6,64.3,26.5,85.6,90.7,1.76,8.4,130,1,59,0
FL-1027,Utility Pickup,362604,94,65.9,70.4,29,36.9,91.6,1.77,8.8,118,1,63,0
FL-1028,Utility Pickup,320153,181,84.2,60.9,29.9,93.1,86,1.24,8,167,1,55,1
FL-1029,Mini Truck,466463,330,86.1,23.7,92.4,85.4,87.9,1.32,4.1,3,0,35,1
FL-1030,Heavy Truck,356707,160,70.1,65.7,75.1,66.4,91.1,1.86,8.4,164,1,55,1
FL-1031,Utility Pickup,198740,382,32.6,49.6,94.8,44,103.6,3.21,7,16,0,43,0
FL-1032,Mini Truck,518282,354,93.4,31.3,77,93.8,83.8,1.01,5.1,99,1,56,1
FL-1033,Mini Truck,385653,157,22.4,41.6,34,51.6,105.9,3.46,6,84,0,63,1
FL-1034,Light Truck,493362,215,32.9,42.1,84.8,32.4,103.4,3.07,6.2,80,0,52,0
FL-1035,Rigid Truck,293951,170,75.2,34.2,74.8,63.9,89.7,1.5,5.4,171,1,61,1
FL-1036,Light Truck,513428,167,50.1,45.4,90.6,67,97.9,2.52,6.6,152,1,69,0
FL-1037,Light Truck,344019,344,79.6,75.7,41.5,53.9,87.2,1.4,9.5,69,1,54,0
FL-1038,Heavy Truck,390194,159,46.4,88.9,67.9,66.5,99,2.46,10.8,6,0,35,0
FL-1039,Heavy Truck,433148,181,63.8,47.7,83.2,85.9,94.4,1.87,6.5,107,1,61,0
FL-1040,Mini Truck,178250,217,55,80.5,76.9,80.4,97.4,2.27,10.2,154,1,54,1
FL-1041,Rigid Truck,203756,367,81.1,88.8,88,48.6,88.2,1.48,11,16,1,41,0
FL-1042,Mini Truck,82358,382,47,38.3,87.2,47.1,100.2,2.67,5.7,66,1,67,1
FL-1043,Utility Pickup,453756,395,78.4,47.1,49.4,73.2,88,1.37,6.7,106,1,62,1
FL-1044,Utility Pickup,522661,103,96.7,23.5,86.8,71.2,83.2,0.84,4,137,1,59,1
FL-1045,Rigid Truck,349938,101,78.6,54,74.2,82,87.6,1.4,7.3,164,1,52,0
FL-1046,Rigid Truck,154893,92,42.7,78.2,32.5,70.5,101.2,2.65,9.9,135,1,61,0
FL-1047,Utility Pickup,434814,148,77.3,74.5,87.9,38,90.2,1.5,9.6,59,0,31,0
FL-1048,Utility Pickup,272608,314,43.8,97.7,74.4,70.4,98.6,2.6,11.7,65,0,28,0
FL-1049,Utility Pickup,364959,344,49.6,57.3,32.6,53,98.2,2.5,7.6,124,1,71,1
FL-1050,Light Truck,84640,415,49,52.7,83.9,42.5,97.2,2.59,7,118,1,62,1
FL-1051,Utility Pickup,356214,417,41.2,49.1,45.2,87,100.9,2.9,6.9,159,1,71,0
FL-1052,Utility Pickup,492397,211,21.9,26.4,51.2,55.8,107.2,3.52,4.5,166,1,87,1
FL-1053,Utility Pickup,214006,418,26.5,23.9,55.9,36.5,104.6,3.39,4.1,26,0,60,1
FL-1054,Mini Truck,78783,374,88.7,52.5,33.1,89.5,85.9,1.2,7.1,97,1,50,0
FL-1055,Light Truck,319571,97,37.7,74.4,85.8,45.6,102.7,2.76,9.5,92,1,65,0
FL-1056,Heavy Truck,283979,386,90.9,31.3,41,51.5,85.4,1.14,5,140,1,61,1
FL-1057,Utility Pickup,32029,146,82.7,66.3,68.7,56.3,88.5,1.3,8.7,140,1,47,1
FL-1058,Utility Pickup,430614,387,38.6,31.7,32.7,44.9,103.1,2.89,4.9,42,0,60,1
FL-1059,Rigid Truck,401670,148,58.5,94.2,35.8,78.7,94.8,2.15,11.4,51,0,31,0
FL-1060,Heavy Truck,226223,266,37,68.8,27.9,91,101.8,2.92,8.8,158,1,68,1
FL-1061,Heavy Truck,154195,175,72.9,97.8,38.5,40.7,90.2,1.6,11.9,84,0,28,0
FL-1062,Rigid Truck,100567,95,66,29,27,64.3,92.4,1.87,4.6,17,1,69,1
FL-1063,Rigid Truck,154331,314,67.1,62.1,84.5,93.5,93.2,1.71,8.3,162,1,50,0
FL-1064,Mini Truck,546718,442,83.7,38.9,69.6,35.6,86.4,1.4,5.9,119,1,63,1
FL-1065,Mini Truck,376977,427,22.2,35.9,82.5,49.8,106.1,3.34,5.4,28,0,54,0
FL-1066,Light Truck,128469,281,57.2,49.5,61.2,43.2,94.6,2.33,6.8,153,1,63,1
FL-1067,Rigid Truck,547331,285,44.2,60.3,53.9,85.1,99.8,2.76,8.1,119,1,70,1
FL-1068,Light Truck,390206,267,27.1,41.4,84.6,50.2,106.2,3.2,6.2,26,0,51,0
FL-1069,Light Truck,122497,424,78.5,38.5,61.8,65.2,89.8,1.36,5.6,147,1,58,1
FL-1070,Rigid Truck,40081,121,27.3,65.9,49.5,98.5,105.9,3.24,8.4,33,0,41,0
FL-1071,Rigid Truck,154087,340,61.6,61.2,84.4,78.1,94.6,2,8.1,147,1,53,0
FL-1072,Utility Pickup,413331,310,28.2,75.2,37.3,81.6,103.5,3.08,9.5,119,1,69,0
FL-1073,Light Truck,354998,308,65.3,73,30.6,96,94.1,1.95,9.1,85,0,35,0
FL-1074,Light Truck,231519,268,60.4,65.9,42.4,59.1,95.8,2.05,8.5,36,0,38,1
FL-1075,Heavy Truck,541791,389,55.8,91.7,93.1,53,95.8,2.13,11.1,114,1,56,0
FL-1076,Light Truck,35124,323,78.7,61.8,66.8,61.4,89.4,1.52,8.2,120,1,51,0
FL-1077,Heavy Truck,311766,301,62.7,91.3,90.9,42,93,2.07,11.2,81,0,26,0
FL-1078,Mini Truck,538674,202,72.5,82.9,37.8,47.4,90.1,1.72,10.3,49,0,38,0
FL-1079,Light Truck,532041,174,91.7,52.3,72,77.9,85,0.96,7.2,63,0,29,0
FL-1080,Rigid Truck,527275,306,77.7,56.3,86.1,91.8,88.8,1.62,7.7,128,1,54,0
FL-1081,Light Truck,126908,368,48.8,51.7,54,46.1,98.8,2.4,7.2,24,0,43,0
FL-1082,Heavy Truck,89614,154,62.9,51.9,48.5,97.4,93.6,2.06,7,140,1,57,0
FL-1083,Mini Truck,107574,423,28.2,94.3,80.7,78.3,105.7,3.11,11.6,6,0,31,0
FL-1084,Heavy Truck,392447,174,67.6,79.8,31.3,48.5,91.6,1.78,10,53,0,37,0
FL-1085,Rigid Truck,468735,362,66.7,54.4,46.1,52.3,92.8,1.98,7.2,49,0,44,0
FL-1086,Light Truck,74844,221,90.6,95.4,46.8,88.6,86.3,0.97,11.6,44,0,14,0
FL-1087,Rigid Truck,419862,406,90,27.3,26.9,39.2,85.5,1.12,4.4,127,1,69,1
FL-1088,Rigid Truck,80145,311,85.3,39.3,69.1,63,85.4,1.35,5.9,92,1,55,0
FL-1089,Mini Truck,512981,293,37.5,52.6,84.1,39.5,103.3,2.97,7.2,135,1,72,1
FL-1090,Heavy Truck,60876,211,91.3,48,26.5,74.4,86,0.96,6.9,62,0,31,0
FL-1091,Rigid Truck,71761,316,64,55.6,92.5,45.9,94.5,2.11,7.5,175,1,56,0
FL-1092,Rigid Truck,247234,379,67.8,46.6,95.9,82.3,91.3,1.92,6.4,147,1,54,1
FL-1093,Heavy Truck,264959,400,77.2,54.9,89.8,59.1,90.1,1.44,7.5,46,0,31,0
FL-1094,Mini Truck,172056,243,86.6,79.3,68.2,42.1,85.5,1.16,10.1,152,1,48,0
FL-1095,Rigid Truck,187610,115,49.7,87.5,47.4,66.7,98.4,2.56,10.9,77,0,33,0
FL-1096,Heavy Truck,217996,158,55.3,37.4,43.5,45.1,97.5,2.3,5.6,150,1,72,1
FL-1097,Heavy Truck,500336,377,26.2,24.7,46.5,73.2,106.3,3.34,4.4,76,0,62,0
FL-1098,Heavy Truck,125535,289,31.8,26.5,32.6,94.7,102.6,3.12,4.7,87,0,52,1
FL-1099,Rigid Truck,65725,358,72.5,58.6,89.8,98.1,91,1.76,7.9,121,1,45,1
FL-1100,Heavy Truck,375506,220,48.8,94.8,80.2,56.4,99,2.51,11.7,17,1,55,0
FL-1101,Heavy Truck,368797,404,61.3,86.3,69.8,90.8,95.7,2.04,10.5,4,0,26,0
FL-1102,Mini Truck,285786,165,27.2,85.6,90.9,76.8,106.5,3.24,10.4,48,0,35,0
FL-1103,Rigid Truck,479488,329,88.6,79,85.5,98,87,1.18,9.8,97,1,45,0
FL-1104,Heavy Truck,369058,400,67.7,86.7,32.9,68.2,91.3,1.98,10.6,126,1,58,0
FL-1105,Heavy Truck,510302,307,55.7,94.4,79.4,86.8,96.1,2.4,11.2,175,1,51,0
FL-1106,Mini Truck,403069,278,47.4,60.5,67,91,98.1,2.58,8.1,106,1,63,1
FL-1107,Rigid Truck,234548,455,35.9,48.7,51.7,93.1,101.5,2.83,6.8,54,0,47,1
FL-1108,Heavy Truck,291889,458,61.8,53.5,31.8,94.9,92.7,2.08,7.4,139,1,64,0
FL-1109,Light Truck,228955,114,86.2,76.5,72.8,96.2,86.7,1.21,9.7,174,1,44,0
FL-1110,Utility Pickup,347863,89,34.9,75.5,40.1,88.8,103.4,2.89,9.5,160,1,65,1
FL-1111,Mini Truck,32353,245,33.1,62.4,37.3,35.4,102.4,3.16,8,90,0,46,0
FL-1112,Utility Pickup,362329,371,43,60.8,78.8,48.7,99.9,2.66,8.1,42,0,43,0
FL-1113,Rigid Truck,367158,425,39.4,84.6,33.9,57.2,100.6,2.87,10.2,57,0,44,0
FL-1114,Utility Pickup,244880,431,68.4,90.4,71,70.2,93.3,1.77,10.9,120,1,46,0
FL-1115,Light Truck,509071,82,77.3,28.8,41.2,62.7,90.7,1.48,4.7,97,1,71,0
FL-1116,Heavy Truck,372280,450,65.6,63.8,60.5,82.8,92.5,1.84,8.5,107,1,57,1
FL-1117,Heavy Truck,249915,434,66,93.2,56.3,58.8,91.5,1.88,11.5,92,1,49,0
FL-1118,Light Truck,50159,159,38.7,30.1,87.9,50.7,101.4,2.86,4.9,84,0,45,1
FL-1119,Light Truck,64855,383,62.8,82.7,61.2,74.7,94.7,2.05,10.2,139,1,49,0
FL-1120,Utility Pickup,394657,388,56.9,96.3,69.4,53.3,95.9,2.07,11.7,140,1,56,0
FL-1121,Light Truck,23615,268,55.4,23,89.2,80.2,95.4,2.21,4.1,27,0,39,0
FL-1122,Utility Pickup,330312,331,28.2,44,88.8,76.6,106.1,3.29,6.4,81,0,45,0
FL-1123,Light Truck,449298,153,71.5,31.2,54.1,62.3,92.4,1.59,4.9,73,0,44,0
FL-1124,Light Truck,177442,456,50.4,37.4,48.8,76.5,96.4,2.42,5.4,42,1,68,1
FL-1125,Utility Pickup,466621,194,47,85.8,58.1,59.6,99.6,2.51,10.6,170,1,62,0
FL-1126,Utility Pickup,478244,184,29.7,79.6,30.7,97,103.3,3.06,9.8,125,1,68,0
FL-1127,Mini Truck,177049,113,81.6,20.8,46.7,33,87.1,1.45,3.9,127,1,67,1
FL-1128,Utility Pickup,331671,122,87.2,70.6,38.1,71.5,86.2,1.25,8.9,97,1,54,0
FL-1129,Utility Pickup,543960,448,83.2,52.5,51.2,46,88.7,1.28,7.1,172,1,63,1
FL-1130,Light Truck,502384,447,61.8,82.5,88.8,88.5,93.8,2.13,10.1,127,1,53,0
FL-1131,Rigid Truck,342739,157,97.5,66.4,54.3,52,82,0.79,8.7,172,1,48,0
FL-1132,Heavy Truck,84727,345,66.9,88.4,91.9,31.4,92.7,1.8,10.7,85,0,24,0
FL-1133,Heavy Truck,246987,312,25.9,87.4,35.3,45.8,104.4,3.24,10.8,68,0,44,1
FL-1134,Mini Truck,32852,219,51.4,66.9,48.5,55.3,97.5,2.47,8.7,118,1,58,1
FL-1135,Utility Pickup,116921,267,62.4,66.4,29.8,65.4,95.2,1.92,8.8,47,0,36,0
FL-1136,Mini Truck,52385,334,96.1,66.7,25.3,48.5,83.3,0.86,8.6,87,0,27,0
FL-1137,Mini Truck,121473,108,57.8,37.5,56.2,69.1,94.9,2.09,5.8,85,0,42,0
FL-1138,Mini Truck,48740,359,20.5,42.3,59.4,90.4,108.6,3.46,6,141,1,70,0
FL-1139,Heavy Truck,123713,279,58.8,61.2,52,31,95.5,2.07,8.2,100,1,62,1
FL-1140,Heavy Truck,342366,448,29.9,70.5,39,56.6,105.1,3.06,8.8,171,1,72,1
FL-1141,Rigid Truck,58223,164,23.8,74.3,67.7,63,106.9,3.24,9.3,29,0,42,0
FL-1142,Utility Pickup,381679,252,54,31.5,70.3,85.1,97.3,2.26,5,3,0,45,1
FL-1143,Mini Truck,138485,295,37.6,45.5,49.3,59.2,102.7,2.82,6.5,87,0,49,0
FL-1144,Light Truck,514061,226,75.9,59,59.8,41.1,90.2,1.68,7.9,156,1,64,1
FL-1145,Rigid Truck,241251,114,32.7,66.4,54.6,68.5,104.2,3.04,8.5,142,1,67,1
FL-1146,Rigid Truck,36224,344,51,97.7,41.6,77,98.7,2.3,11.6,50,0,27,0
FL-1147,Light Truck,138782,353,88.6,67,59.6,41.3,85.2,1.22,8.7,93,1,49,1
FL-1148,Heavy Truck,294930,257,74.2,83,46.5,76,89.4,1.53,10.4,85,0,27,0
FL-1149,Mini Truck,289842,376,18.7,83.4,55.6,46.2,106.9,3.52,10.4,102,1,72,1
FL-1150,Mini Truck,336283,420,54.8,38.6,90,31.6,95.4,2.35,5.8,60,0,44,0
FL-1151,Mini Truck,250946,359,42.9,64.6,66.1,82.9,99,2.66,8.4,31,1,62,1
FL-1152,Utility Pickup,478592,287,23,68.5,51.1,62.1,106.6,3.43,8.8,131,1,75,1
FL-1153,Mini Truck,449835,162,57.8,42.2,90.7,97.3,95,2.14,6,7,0,36,0
FL-1154,Rigid Truck,306507,229,58.5,80.5,30,94.7,94,2.04,10.1,174,1,59,0
FL-1155,Heavy Truck,204412,83,60.4,52.9,49.1,43.2,93.6,2.13,7.2,124,1,63,0
FL-1156,Rigid Truck,425490,289,66.8,84.4,45,61.3,91.7,1.97,10.5,131,1,58,0
FL-1157,Heavy Truck,238347,91,47.9,86.9,50.9,76.3,99.9,2.48,10.5,34,0,33,0
FL-1158,Light Truck,27252,150,84.9,44.7,44.9,54.2,86.2,1.13,6.3,9,0,32,0
FL-1159,Utility Pickup,405549,152,61.9,84.7,34.2,79.9,93.8,2.07,10.5,114,1,59,1
FL-1160,Mini Truck,433351,209,41,70.9,68.1,46.6,101.1,2.67,8.9,97,1,66,1
FL-1161,Light Truck,322640,162,38.2,51.6,39.9,60.8,101.8,2.98,7.1,137,1,76,1
FL-1162,Rigid Truck,389219,326,20,28.1,63.1,68.6,108,3.45,4.6,170,1,85,1
FL-1163,Light Truck,505572,177,42.5,20.4,52.6,67.4,99,2.76,3.8,167,1,81,1
FL-1164,Heavy Truck,556406,139,84.5,60.2,67.7,34.2,85.8,1.2,7.9,56,0,35,0
FL-1165,Heavy Truck,422679,239,39,25,48.2,90.2,103,2.73,4.5,45,1,79,1
FL-1166,Mini Truck,157387,194,80.3,63.6,87.7,32.5,88.8,1.42,8.5,45,0,27,0
FL-1167,Heavy Truck,332347,445,43.5,30.1,85.4,31.9,99.1,2.57,4.7,125,1,74,1
FL-1168,Mini Truck,351915,272,48.4,65.8,79.1,96.6,98.3,2.36,8.6,76,0,36,0
FL-1169,Rigid Truck,538825,338,21.9,76.8,33.1,42,107.4,3.37,9.6,124,1,80,1
FL-1170,Mini Truck,128717,216,32.9,27.8,77.1,36.4,103.3,3.07,4.8,105,1,78,1
FL-1171,Heavy Truck,350464,408,76.4,39.1,53.9,59.4,89.8,1.41,5.6,18,0,42,0
FL-1172,Utility Pickup,531440,157,24.1,45.9,31.9,83.7,105,3.38,6.3,147,1,82,1
FL-1173,Utility Pickup,451008,373,22.8,43.9,26.1,46,106.6,3.28,6.4,135,1,85,1
FL-1174,Mini Truck,25871,112,61.8,25.2,43.6,65,92.8,1.92,4.2,151,1,68,0
FL-1175,Rigid Truck,149863,393,24.2,38.3,43.7,69.4,106.7,3.5,5.7,118,1,78,1
FL-1176,Heavy Truck,342559,219,85.7,54.2,77.2,42,85.9,1.27,7.4,76,0,31,0
FL-1177,Light Truck,142262,261,33.2,38.1,43.7,86.8,103.9,2.95,5.5,117,1,73,0
FL-1178,Light Truck,465310,372,24,50.9,93.4,73.8,107,3.24,7.1,53,0,49,0
FL-1179,Rigid Truck,532173,269,76.2,48.7,67.6,88.8,89.1,1.46,6.8,70,1,58,0
FL-1180,Mini Truck,233624,325,44.3,63.2,80.3,62.4,99.7,2.6,8.3,4,0,36,0
FL-1181,Heavy Truck,457914,460,74.8,83.8,94.3,41.9,89.4,1.7,10.5,102,1,49,0
FL-1182,Rigid Truck,468207,246,76.2,42.7,52.6,32.4,90.3,1.6,6.2,154,1,69,0
FL-1183,Rigid Truck,374584,83,88.4,70.9,32.3,93.7,85.1,0.98,9.1,70,0,29,0
FL-1184,Mini Truck,22684,422,60.8,40.8,28,48.6,95.1,2.11,6.1,122,1,66,1
FL-1185,Utility Pickup,402382,221,55.2,75.7,78.7,92.5,95.9,2.14,9.5,124,1,55,0
FL-1186,Light Truck,206782,457,82.8,95.6,35.6,62.9,87.5,1.25,11.4,17,0,22,0
FL-1187,Mini Truck,362026,352,77.9,51.2,78.4,72.9,89.5,1.5,7.2,30,0,33,0
FL-1188,Mini Truck,549021,188,87.9,24.6,66.7,89.4,85.4,1.22,4.4,81,0,39,0
FL-1189,Light Truck,265619,186,85.9,94.5,29.2,86.8,86.6,1.23,11.5,111,1,47,0
FL-1190,Light Truck,235012,145,32.9,36.3,81.6,31.5,102.3,3.01,5.6,67,0,50,0
FL-1191,Rigid Truck,121356,425,50.2,47.9,44.6,49.3,97.8,2.38,6.5,47,0,46,0
FL-1192,Heavy Truck,459884,267,81.6,25.2,43.6,31.4,86.8,1.29,4.5,14,0,47,0
FL-1193,Mini Truck,512735,401,90.6,52,94,88.1,83.7,0.96,7.1,56,1,48,0
FL-1194,Rigid Truck,258421,146,43.6,83.2,67.9,81.2,99.2,2.7,10.1,43,1,55,0
FL-1195,Light Truck,264176,152,62.4,44.2,61.4,67.7,93.9,2.02,6.2,115,1,64,0
FL-1196,Mini Truck,110556,405,66.6,43.5,42.7,88.6,93,1.9,6.3,165,1,59,1
FL-1197,Rigid Truck,98012,371,25.8,63.2,64.3,53.7,105.4,3.25,8.4,116,1,67,0
FL-1198,Light Truck,324429,111,86.1,93.7,66.4,33.1,85,1.21,11.2,53,0,24,0
FL-1199,Utility Pickup,465925,143,91.7,82.2,76.1,64.7,85.5,0.88,10.3,35,0,23,0
FL-1200,Utility Pickup,231025,155,46.4,82,78.6,72,99.4,2.64,10,58,0,33,0
FL-1201,Heavy Truck,273128,150,71.2,40.1,55.2,90.4,90.7,1.74,6,115,1,60,0
FL-1202,Rigid Truck,277152,203,72.9,29.1,55.3,63.9,89.2,1.65,4.8,9,1,68,1
FL-1203,Light Truck,40814,284,71.9,80.8,88.3,54.7,91.1,1.74,10.2,137,1,46,0
FL-1204,Heavy Truck,506062,214,77.9,58.5,37,83.8,90.1,1.57,7.7,97,1,63,1
FL-1205,Light Truck,532726,440,41.9,73.8,60.3,56.4,100,2.81,9.3,105,1,69,1
FL-1206,Light Truck,406056,384,68.5,96.3,74.8,68.3,91.6,1.88,11.6,48,1,48,1
FL-1207,Rigid Truck,474005,212,23.5,95.9,68.7,34.3,105.2,3.42,11.5,128,1,70,1
FL-1208,Light Truck,535454,270,22.3,97.1,53.7,92.7,106.4,3.4,11.8,92,1,65,0
FL-1209,Heavy Truck,25055,433,28.7,91.4,85,36.5,104.7,3.33,11,58,0,34,0
FL-1210,Heavy Truck,248726,377,65.7,91.3,25.5,81.8,91.7,1.95,10.9,123,1,53,1
FL-1211,Light Truck,240793,81,58.5,91.7,41.6,88.2,95.3,2.24,11.2,71,0,27,0
FL-1212,Rigid Truck,317178,313,29.8,42.4,89.8,40.9,103.6,3.01,6.1,173,1,76,1
FL-1213,Light Truck,251525,348,22.5,72.7,57.4,72.6,106.6,3.27,9.2,65,0,43,0
FL-1214,Rigid Truck,461111,393,87.3,34.9,43.2,75.6,85,1.21,5.3,38,1,64,1
FL-1215,Mini Truck,99737,188,61.2,30.7,82.4,49.5,95.1,2.14,4.7,74,0,40,0
FL-1216,Light Truck,445608,392,57.9,55.7,82.2,52.3,94.4,2.06,7.4,3,1,63,0
FL-1217,Heavy Truck,356733,110,33.8,41.6,56.3,66.8,103.7,3.04,6.2,162,1,77,1
FL-1218,Rigid Truck,240696,151,68.1,81,77.5,68.8,93.3,1.95,9.9,88,0,24,0
FL-1219,Mini Truck,392966,138,77.9,87.8,84.1,92.9,90.2,1.6,10.9,111,1,42,0
FL-1220,Rigid Truck,23043,110,82.2,75.9,60,71.3,87.7,1.19,9.6,14,0,22,0
FL-1221,Heavy Truck,443254,417,29.6,54,88,31.4,104.4,3.23,7.2,81,0,49,0
FL-1222,Utility Pickup,186925,130,52.4,56.1,40,72,96.2,2.42,7.6,115,1,65,1
FL-1223,Heavy Truck,24488,103,97,42.3,79.3,62,82.4,0.72,6.1,162,1,45,0
FL-1224,Rigid Truck,281954,435,52,78.7,78.5,78.1,97.6,2.37,10,129,1,56,0
FL-1225,Rigid Truck,180911,367,60.3,74.5,26,66.2,95.7,2.04,9.5,60,0,36,0
FL-1226,Rigid Truck,424795,268,69.9,92.9,59.5,46.3,91.5,1.88,11.3,112,1,53,0
FL-1227,Mini Truck,78526,274,29.3,32.7,84.7,64.1,106.1,3.05,5.2,72,0,47,0
FL-1228,Heavy Truck,385775,118,56.4,96.9,56.7,30.3,95.2,2.19,11.7,127,1,56,1
FL-1229,Heavy Truck,364563,365,50.5,23.1,26.3,51.8,97.4,2.41,4.3,167,1,81,0
FL-1230,Utility Pickup,524611,458,51.7,83.6,86.7,38.2,98.5,2.46,10.1,140,1,60,1
FL-1231,Rigid Truck,250639,348,55.6,23.5,45.9,81.1,95.3,2.36,4.1,36,0,50,0
FL-1232,Light Truck,415799,302,72,73,47.7,74.6,91.7,1.8,9.3,78,0,31,0
FL-1233,Utility Pickup,22017,94,45,86.4,77.7,83.8,98.8,2.61,10.7,32,1,52,0
FL-1234,Mini Truck,438410,345,59,73.3,32.1,54.6,94,2.09,9.2,97,1,64,0
FL-1235,Utility Pickup,249702,385,80.9,44.7,95.5,87.8,89.1,1.41,6.3,147,1,49,0
FL-1236,Heavy Truck,219938,435,71.6,93.5,92.9,92.3,90,1.81,11.4,14,0,15,0
FL-1237,Mini Truck,449057,366,55.8,45.4,68.1,84,94.7,2.22,6.3,66,0,41,0
FL-1238,Mini Truck,432631,421,91.1,74,79.1,66.7,85,1.1,9.5,93,1,49,0
FL-1239,Utility Pickup,543745,449,84.4,46.1,92.1,43.9,87,1.38,6.5,137,1,60,1
FL-1240,Mini Truck,547813,417,58,44.3,46.6,32.3,94.2,2.24,6.4,164,1,76,1
FL-1241,Light Truck,547223,262,24.7,47.9,87.5,49.2,105.8,3.4,6.8,59,0,54,0
FL-1242,Heavy Truck,182402,302,61.3,93.8,34.5,68.1,95.1,2.14,11.5,175,1,55,0
FL-1243,Light Truck,102129,307,20.2,27.7,89.2,94.7,107.3,3.41,4.8,7,0,47,0
FL-1244,Rigid Truck,298613,280,37.3,41.1,60.8,62.5,103.2,2.91,5.9,48,0,51,0
FL-1245,Heavy Truck,99815,185,80.8,52.1,78.8,55.3,89.2,1.43,6.9,127,1,52,1
FL-1246,Utility Pickup,74036,179,86.8,60.9,95.5,75.1,87.4,1.04,8.1,124,1,44,0
FL-1247,Heavy Truck,467477,312,40,31.2,45.8,54.2,102.4,2.79,4.8,44,0,58,0
FL-1248,Utility Pickup,546396,88,58.7,22.4,61.8,81,95.7,2.21,4.2,148,1,73,1
FL-1249,Mini Truck,224506,203,91.6,60.3,55.2,56.3,85.5,0.87,8.1,91,1,53,1
FL-1250,Rigid Truck,153484,88,57.8,69.3,65,83.2,96.6,2.14,9,149,1,53,0
FL-1251,Utility Pickup,555290,265,82.1,32.3,84.8,31.5,87.2,1.2,5.2,16,0,41,0
FL-1252,Heavy Truck,259801,221,37.9,42.7,59.4,34,103.3,2.81,6.3,101,1,75,1
FL-1253,Heavy Truck,424372,248,63.3,36,47.9,93.7,93.8,2.09,5.6,94,1,67,1
FL-1254,Light Truck,179129,314,48.5,26.8,50.9,77.4,98.5,2.39,4.5,33,0,47,0
FL-1255,Mini Truck,378121,426,74.5,47.8,51.4,86.5,89.2,1.52,6.6,26,0,35,0
FL-1256,Heavy Truck,457664,395,63.7,25.4,63.4,92.9,94.6,1.88,4.5,22,0,45,1
FL-1257,Rigid Truck,155198,325,97.5,77.4,34.6,33.3,84.1,0.9,9.7,88,0,26,0
FL-1258,Light Truck,73170,434,60.4,51.3,94.2,95.3,93.3,2.07,7.1,116,1,53,1
FL-1259,Heavy Truck,110461,395,44.9,51.9,65.8,38.5,99.2,2.64,7.2,118,1,69,1
FL-1260,Mini Truck,211162,151,85.8,76.8,93.3,44,87.5,1.2,9.8,31,0,20,0
FL-1261,Heavy Truck,363524,118,66.9,44.9,69,79.2,91.7,1.97,6.4,41,0,38,0
FL-1262,Rigid Truck,492502,361,56.6,41.8,55.1,96.9,95.1,2.21,6.1,66,0,44,0
FL-1263,Light Truck,556383,414,67,44.1,87.2,69.2,93.5,1.98,6.3,91,1,64,0
FL-1264,Light Truck,399411,172,39.6,59,36.5,96.3,100.7,2.8,7.9,73,0,45,1
FL-1265,Mini Truck,519215,89,21.2,30.8,32.1,73.9,107.9,3.47,5.1,40,0,64,0
FL-1266,Light Truck,368501,422,30.3,69.1,95.4,66.8,104.6,3.17,8.8,144,1,64,1
FL-1267,Heavy Truck,38910,339,93.7,57.8,60.5,69.8,84.3,1.05,7.6,94,1,48,1
FL-1268,Light Truck,77677,299,20.6,81,28.2,38.2,107.6,3.37,10.2,116,1,73,1
FL-1269,Mini Truck,135903,422,33.8,36,46.9,82.2,103.9,2.89,5.6,6,0,47,0
FL-1270,Heavy Truck,368644,359,86.7,75.5,50.7,92.8,84.9,1.13,9.4,152,1,48,0
FL-1271,Mini Truck,504337,340,95.2,95,56.4,38.6,84.8,0.96,11.6,143,1,47,0
FL-1272,Heavy Truck,279988,341,20.8,40.5,65.1,39.1,107.1,3.51,6.1,30,0,56,1
FL-1273,Rigid Truck,366329,226,61.1,68,33.9,53.7,94.3,2.07,8.8,36,1,65,1
FL-1274,Rigid Truck,254112,447,43.3,61.7,74.7,41.2,101,2.57,7.9,90,0,41,0
FL-1275,Heavy Truck,468732,214,50.3,41.5,69.7,62.3,97.1,2.36,6.1,174,1,70,1
FL-1276,Rigid Truck,315688,292,56.4,74,58.9,55.5,97,2.32,9.4,158,1,60,1
FL-1277,Mini Truck,274219,137,38.8,98.9,27.9,86.8,102,2.78,11.7,59,0,35,0
FL-1278,Heavy Truck,389951,123,52.8,92.7,65.5,46.5,98.5,2.5,11.2,83,0,33,0
FL-1279,Mini Truck,290718,256,28.8,20.8,52.2,61.4,104,3.34,3.9,82,0,57,1
FL-1280,Rigid Truck,277361,408,96.9,31.9,61.7,87.7,82.6,0.86,5,19,0,29,0
FL-1281,Heavy Truck,476003,241,52.4,60.4,49.8,87.5,98.5,2.33,7.8,34,0,41,0
FL-1282,Rigid Truck,213458,438,65.5,61.9,93.2,72.6,92.7,1.82,7.9,148,1,51,0
FL-1283,Utility Pickup,190114,290,73.5,52.3,79.8,42.6,90.1,1.58,7,14,0,33,0
FL-1284,Mini Truck,310002,426,89,80.7,70.7,36.5,85.4,1.13,10,165,1,49,0
FL-1285,Utility Pickup,434695,383,56,27.5,67.3,47.8,96.4,2.25,4.5,168,1,75,1
FL-1286,Rigid Truck,523608,202,80.2,58,58.2,46.8,88.4,1.44,7.7,167,1,61,1
FL-1287,Mini Truck,251228,457,89.1,22.9,57.8,67.3,86.7,0.96,4.3,174,1,61,1
FL-1288,Mini Truck,167601,448,30.9,60.7,27.4,52.4,104.1,3.02,7.9,151,1,75,1
FL-1289,Utility Pickup,29176,211,66.5,59,41.8,70.3,92.3,1.78,7.8,103,1,58,0
FL-1290,Light Truck,523596,287,54.4,67.4,86,80,95.2,2.15,8.7,77,0,37,0
FL-1291,Heavy Truck,94793,426,24.9,80.2,92.6,55.4,105.4,3.26,10,67,0,37,0
FL-1292,Light Truck,243275,418,53.9,75.6,37.2,64.5,95.6,2.33,9.4,111,1,60,1
FL-1293,Mini Truck,236151,228,76.2,89.2,70.8,77.7,90,1.54,10.9,10,0,19,0
FL-1294,Rigid Truck,248393,298,83.3,50,58,67.3,86.6,1.35,6.9,45,0,32,0
FL-1295,Utility Pickup,127495,204,28.1,37.5,70.2,85.7,106.2,3.07,5.5,3,0,45,0
FL-1296,Mini Truck,174879,419,83,34.5,85.1,61.5,86.9,1.19,5.2,161,1,56,0
FL-1297,Light Truck,524388,257,18.2,91.7,91.3,54.6,109.3,3.6,11.3,58,0,42,1
FL-1298,Rigid Truck,150163,414,97.4,46.1,89.5,57.8,82.6,0.67,6.6,69,0,22,0
FL-1299,Heavy Truck,424118,385,28.5,31.6,61.4,85.9,105,3.33,5.1,85,0,53,1
FL-1300,Rigid Truck,493339,143,55,49.4,59.6,83.2,95.1,2.38,6.8,164,1,69,1
FL-1301,Heavy Truck,197651,177,48.4,57.6,54,82.4,100,2.56,7.6,114,1,63,1
FL-1302,Light Truck,128647,312,96.3,75.9,90.4,52.3,83.1,0.76,9.7,157,1,41,0
FL-1303,Rigid Truck,428975,249,27.3,77.1,78.9,57.5,105.2,3.11,9.7,120,1,66,1
FL-1304,Light Truck,140925,270,35.1,34.8,81.2,39.8,102,3.09,5.2,91,1,74,1
FL-1305,Heavy Truck,133116,446,72.2,62.1,62.7,31.4,90.1,1.6,8.1,12,0,33,0
FL-1306,Heavy Truck,238028,136,24.9,73.3,34.3,94.9,104.9,3.45,9.5,68,0,46,0
FL-1307,Rigid Truck,439806,415,32.1,81.8,50.1,82.6,103.3,3.11,10,161,1,67,0
FL-1308,Utility Pickup,553718,119,79.4,30.2,60.1,94.4,88.7,1.4,5.1,18,1,64,1
FL-1309,Utility Pickup,431040,404,25.6,43.5,62,91.3,104.5,3.23,6.3,116,1,75,1
FL-1310,Mini Truck,296978,199,69.9,96.3,41.6,97.2,92.3,1.81,11.8,162,1,50,0
FL-1311,Heavy Truck,150719,180,50.3,33.8,33.7,48.8,98.2,2.51,5.1,6,0,52,0
FL-1312,Heavy Truck,324350,445,34,26.9,63.2,89.6,102.9,2.94,4.4,70,0,50,0
FL-1313,Utility Pickup,460212,289,25.1,53.6,52.3,85.7,105.2,3.25,7.1,118,1,77,1
FL-1314,Utility Pickup,256234,316,46.6,52.6,85.7,43.8,98.7,2.67,7.3,41,0,43,0
FL-1315,Light Truck,312530,362,89.8,68,77.2,61.8,84.8,0.98,8.9,38,1,49,0
FL-1316,Mini Truck,171663,323,50.8,21.9,59.7,93.4,96.5,2.4,4.2,77,0,47,0
FL-1317,Heavy Truck,199062,133,92.5,75.7,28.9,71.4,84.1,0.86,9.7,135,1,47,0
FL-1318,Heavy Truck,371082,406,94.5,48,84.6,71.4,83,1,6.6,135,1,51,0
FL-1319,Rigid Truck,285692,133,77.1,27.2,82.4,69.6,89.2,1.64,4.7,79,0,38,0
FL-1320,Light Truck,474757,261,47,25,61.8,91,97.5,2.53,4.5,79,0,49,0
FL-1321,Rigid Truck,367456,365,85.5,37.8,70.8,70.5,85.6,1.09,5.7,169,1,59,0
FL-1322,Heavy Truck,549343,88,58.7,56.9,28.9,38.6,95.5,2.14,7.6,133,1,72,1
FL-1323,Heavy Truck,319252,145,20.5,45.5,74,64.3,107,3.39,6.3,43,0,51,0
FL-1324,Rigid Truck,355948,285,65.2,72.4,54.1,45.6,94.3,1.83,9.2,11,0,37,0
FL-1325,Rigid Truck,67034,95,51.2,78,34.5,37.7,97,2.29,9.9,139,1,61,1
FL-1326,Heavy Truck,90137,440,19.5,48.2,93.8,75.7,108.6,3.53,6.8,17,0,46,0
FL-1327,Utility Pickup,107615,252,60.2,84.9,30.4,94.7,94.2,1.95,10.5,41,0,27,0
FL-1328,Mini Truck,276766,263,92.7,59.3,85.2,59.7,83.8,0.81,8,77,0,22,0
FL-1329,Light Truck,88517,297,53.8,21,56.5,87.5,98,2.26,4,137,1,68,1
FL-1330,Utility Pickup,512688,161,68.9,65.9,29.1,73.5,91.6,1.82,8.6,89,0,41,0
FL-1331,Utility Pickup,40081,377,39.1,51.3,38,84.9,101.1,2.87,7.2,64,0,44,0
FL-1332,Rigid Truck,243541,379,69,96.6,44.1,84.7,92.2,1.66,11.5,98,1,49,0
FL-1333,Rigid Truck,336884,262,35.9,78,62,47.2,101.5,2.87,9.7,106,1,68,0
FL-1334,Mini Truck,88010,444,65.7,35.2,39.3,54.4,93,1.87,5.2,172,1,67,1
FL-1335,Rigid Truck,158670,86,59.1,60.3,70.3,51.7,95.1,2.26,7.9,129,1,58,1
FL-1336,Mini Truck,160199,259,38.9,51.4,86.3,76.9,100.3,2.85,6.9,116,1,63,0
FL-1337,Heavy Truck,226156,137,60.4,24.7,32.6,93.4,95.7,2.19,4.5,108,1,69,0
FL-1338,Mini Truck,491923,242,47.9,68.5,62,88.7,100.1,2.48,8.8,160,1,65,1
FL-1339,Rigid Truck,113349,243,70.6,77.2,48.3,80.2,91.6,1.82,9.6,131,1,52,0
FL-1340,Light Truck,457000,293,32,50.8,87.7,79.2,104,3.11,6.9,175,1,70,1
FL-1341,Utility Pickup,146984,179,68.3,80.9,58.1,41.5,92.3,1.69,10.1,150,1,55,0
FL-1342,Mini Truck,161388,402,92.6,95.2,41.6,49.2,85.6,1.03,11.4,74,0,20,0
FL-1343,Light Truck,53164,384,68.7,84.9,39.5,78.5,92,1.83,10.6,11,0,27,0
FL-1344,Heavy Truck,176670,121,73.2,50.6,88.2,38.2,89.8,1.53,6.8,5,0,33,0
FL-1345,Utility Pickup,542354,308,43.6,46.2,52.6,98.1,98.8,2.56,6.5,69,0,49,0
FL-1346,Mini Truck,480349,307,82.9,55.9,72.7,41.9,88.1,1.2,7.4,49,1,60,1
FL-1347,Light Truck,262643,86,20.3,94.8,37.5,35.2,106.5,3.63,11.5,14,1,70,1
FL-1348,Rigid Truck,121202,323,36.6,60.2,92.9,40.5,103.2,2.9,7.8,173,1,63,1
FL-1349,Light Truck,90207,97,44.5,49,37,60.9,99.4,2.67,6.6,161,1,69,1
FL-1350,Mini Truck,444217,302,75.2,46.7,73.8,34.2,90.7,1.67,6.7,60,0,40,0
FL-1351,Utility Pickup,525012,210,92.6,76.2,52.1,71.8,83.6,0.93,9.4,151,1,50,1
FL-1352,Utility Pickup,302056,216,86.2,60.2,61.1,32.4,85.8,1.16,7.8,134,1,57,1
FL-1353,Heavy Truck,35318,161,19.7,40.7,69.5,37.5,106.7,3.37,6.1,64,1,78,1
FL-1354,Heavy Truck,392039,423,27.8,52.1,85.5,74.2,103.9,3.28,7.3,66,1,71,1
FL-1355,Utility Pickup,463839,119,81.9,35.3,71.5,52.7,88.6,1.44,5.4,42,0,39,0
FL-1356,Mini Truck,451847,179,53.7,23.7,34.8,59.2,95.4,2.23,4.4,95,1,78,1
FL-1357,Utility Pickup,38852,244,40.5,45,64.4,96.2,101.2,2.88,6.5,39,0,39,0
FL-1358,Utility Pickup,324994,383,43.6,67.5,64.5,81.9,101.3,2.61,8.6,110,1,61,0
FL-1359,Light Truck,458258,134,49.2,58.5,63.1,67.1,97.2,2.46,7.9,66,0,43,0
FL-1360,Mini Truck,353800,399,84.6,54,80.9,53.6,87.6,1.33,7.1,10,0,30,0
FL-1361,Light Truck,309745,87,26.4,65.7,94.8,57.6,106.6,3.16,8.5,76,0,44,0
FL-1362,Rigid Truck,399403,210,39.9,84.1,86.5,55.4,101.3,2.67,10.2,19,0,34,0
FL-1363,Mini Truck,207975,212,92.9,54.8,31.5,49.7,85,1.08,7.4,129,1,56,0
FL-1364,Mini Truck,237216,123,97.2,26.1,48,69.8,82.1,0.82,4.6,14,1,58,0
FL-1365,Rigid Truck,152671,182,41.8,73.3,62.1,63.6,99.5,2.8,9.3,29,0,38,0
FL-1366,Heavy Truck,202112,315,84.9,54.1,90,61.7,86.2,1.11,7.2,173,1,48,0
FL-1367,Mini Truck,261167,450,31.3,53.3,41.3,52.7,102.6,3.18,7.2,119,1,75,0
FL-1368,Mini Truck,223015,89,45.6,73.9,56,62.1,100.1,2.72,9.5,90,0,38,0
FL-1369,Light Truck,373549,295,94.5,95.9,34.3,64.8,85.1,0.89,11.6,153,1,45,0
FL-1370,Utility Pickup,85371,250,29.5,80.6,71.4,76.8,105.6,3.31,9.9,63,0,36,0
FL-1371,Mini Truck,49014,329,68.5,48.6,89.9,54.7,92,1.67,7,86,0,31,0
FL-1372,Utility Pickup,344691,212,61,98.7,61.1,75,93,2.09,12,66,0,25,0
FL-1373,Light Truck,556761,403,28.3,50.7,73.3,70.1,103.5,3.16,7,118,1,77,1
FL-1374,Utility Pickup,95412,230,47.4,36.9,74,74.4,98.2,2.57,5.5,44,0,41,0
FL-1375,Rigid Truck,121496,251,24.7,82.1,81.4,83.7,105,3.34,10.3,53,1,58,1
FL-1376,Mini Truck,33147,365,35.8,79.4,43.1,57.5,102.8,2.91,9.8,27,0,39,1
FL-1377,Utility Pickup,351961,231,19,46,76.1,45.2,107.3,3.49,6.5,87,1,78,1
FL-1378,Utility Pickup,540160,332,64.9,91.4,92,34.9,93.6,1.98,11,93,1,53,0
FL-1379,Mini Truck,236061,452,26.5,68.7,71.6,86.4,106.6,3.15,8.6,126,1,64,0
FL-1380,Mini Truck,497066,81,22.9,87.9,47.7,90.4,108.2,3.48,10.7,84,0,45,0
FL-1381,Utility Pickup,413438,344,81.6,37,73.6,85.1,88.2,1.2,5.7,19,0,35,0
FL-1382,Mini Truck,174212,205,34.2,67.8,77,90,104,2.9,8.7,59,0,36,0
FL-1383,Utility Pickup,355709,219,22.8,68.5,84,42.1,107.6,3.32,8.6,148,1,72,1
FL-1384,Rigid Truck,392844,313,51.8,58.9,36.1,63.4,96.1,2.25,7.8,166,1,68,1
FL-1385,Mini Truck,531549,169,60.6,60.1,68.4,67.8,95.9,1.95,8.1,33,0,41,0
FL-1386,Utility Pickup,209123,256,56.3,24.3,60.7,64.7,95.3,2.29,4.1,49,0,44,0
FL-1387,Utility Pickup,473271,156,90.8,46.7,85.4,80,86.1,1.03,6.5,166,1,55,0
FL-1388,Light Truck,52054,377,22.5,64.6,74.8,73.3,107.5,3.42,8.4,67,0,39,0
FL-1389,Heavy Truck,333374,157,23.2,51.3,78.3,75.8,105.8,3.33,7.1,21,1,71,1
FL-1390,Rigid Truck,287958,379,24.9,37.8,92.9,53.8,107,3.27,5.6,101,1,73,1
FL-1391,Light Truck,155998,252,87.2,70.8,83.9,73.6,85.1,1.21,9.1,41,0,19,0
FL-1392,Rigid Truck,391652,228,36.1,49.1,66,48.2,102.2,2.86,6.8,67,0,49,0
FL-1393,Heavy Truck,465002,116,81.3,24.9,53.8,89.8,88.2,1.28,4.5,143,1,63,0
FL-1394,Mini Truck,44341,88,90,80.9,86.3,98.8,85.9,0.96,10.1,105,1,36,0
FL-1395,Rigid Truck,129399,364,36.8,26.2,38.8,36,101.8,2.8,4.6,36,0,55,0
FL-1396,Rigid Truck,408674,457,23,67.6,59.9,85.2,106.5,3.27,8.9,121,1,71,1
FL-1397,Light Truck,79012,140,25,73.1,65.5,71,107.1,3.29,9.3,106,1,64,0
FL-1398,Mini Truck,35644,387,63.2,95.8,69.5,85.2,94.1,2.13,11.7,15,0,19,0
FL-1399,Heavy Truck,153670,425,58.8,75.7,81.2,47.4,96.2,2.19,9.5,137,1,56,1
FL-1400,Mini Truck,406575,126,37.8,27.5,60.7,82.7,102.7,2.76,4.6,175,1,75,1
FL-1401,Rigid Truck,47324,91,84.8,33.8,56.6,43.6,87.6,1.27,5.1,17,1,60,1
FL-1402,Rigid Truck,152997,406,43,72.8,39.8,98.1,99,2.75,9.2,138,1,61,1
FL-1403,Light Truck,559385,98,53.7,56.5,85.7,50.9,96.2,2.3,7.4,105,1,67,1
FL-1404,Utility Pickup,310871,440,47.7,95.8,68.5,99,100.1,2.44,11.4,137,1,53,0
FL-1405,Rigid Truck,517767,269,24.9,34.8,84.7,52.9,105.8,3.19,5.2,71,0,57,0
FL-1406,Light Truck,73096,94,87.7,51.9,94.9,62.8,87.4,1.1,7.1,175,1,48,1
FL-1407,Rigid Truck,444844,186,62.6,39,40,97.3,94,2.04,5.8,29,0,44,0
FL-1408,Utility Pickup,488819,255,35,75.2,91.3,64.5,102.9,2.85,9.6,144,1,66,1
FL-1409,Heavy Truck,163320,258,62.1,85.9,58.3,67.6,93.4,1.97,10.6,14,1,51,0
FL-1410,Heavy Truck,99058,168,95.7,27,54.9,38,82.6,0.81,4.7,173,1,59,1
FL-1411,Rigid Truck,125113,313,82,91.9,35.8,52.9,86.5,1.35,11.3,42,0,25,0
FL-1412,Heavy Truck,209448,233,42.7,84.8,57.2,76.3,98.9,2.61,10.4,58,1,59,0
FL-1413,Heavy Truck,247965,155,96.3,41.5,68.5,55.9,81.9,0.84,6,70,0,28,0
FL-1414,Light Truck,446406,201,83.9,28.6,47.8,89.2,88.4,1.26,4.6,101,1,64,0
FL-1415,Utility Pickup,209981,240,34.6,82.5,30.7,56.3,102.8,3.04,10.3,31,0,45,0
FL-1416,Heavy Truck,177398,388,22.4,93.7,30.2,41.1,107.7,3.39,11.5,51,0,44,0
FL-1417,Mini Truck,176845,233,26.4,37.2,28.1,45.1,106.6,3.3,5.4,23,0,57,0
FL-1418,Heavy Truck,35797,347,93.2,29.7,59.8,90.2,84.4,1.03,4.8,78,0,27,0
FL-1419,Rigid Truck,224166,357,19.8,77.2,88.1,39.1,106.3,3.39,9.8,11,0,41,0
FL-1420,Mini Truck,334279,353,30.1,27.7,67.2,63.1,105,3.24,4.4,16,0,54,1
FL-1421,Heavy Truck,164676,269,65.8,84.3,77.5,36.2,93.2,1.86,10.2,146,1,50,0
FL-1422,Rigid Truck,132715,450,28.6,74.7,59.8,62.3,104.7,3.25,9.3,81,0,41,0
FL-1423,Utility Pickup,181686,194,94.8,48.1,57.2,61.7,82.5,0.94,6.7,74,0,26,0
FL-1424,Light Truck,201650,448,92.2,32.3,55.7,81.2,85.8,0.96,5.2,46,0,33,0
FL-1425,Light Truck,22229,115,56.5,74.3,31.7,83.7,95.5,2.32,9.3,26,0,32,0
FL-1426,Light Truck,537957,247,86.2,77.7,56.5,31,87.3,1.18,9.9,119,1,58,0
FL-1427,Light Truck,457724,450,52.8,27.8,56.9,83.9,98.4,2.24,4.5,148,1,73,1
FL-1428,Heavy Truck,212500,280,36.2,36.8,83.2,69.6,102.5,3.03,5.7,94,1,68,1
FL-1429,Light Truck,116287,113,50.1,39,39.8,77.1,98.4,2.35,5.6,73,0,46,1
FL-1430,Rigid Truck,74686,304,43.5,97.5,92.4,75,100.7,2.71,11.7,165,1,49,1
FL-1431,Light Truck,496380,107,23.9,37.5,59.1,62.4,105.3,3.25,5.7,175,1,84,1
FL-1432,Mini Truck,462824,93,37.7,57,33.5,97.6,101.2,2.89,7.7,90,0,50,1
FL-1433,Rigid Truck,290306,106,56.2,66.2,56.2,51,95.5,2.11,8.6,152,1,63,1
FL-1434,Light Truck,509398,452,78.4,95.1,34.9,97.5,88.7,1.38,11.6,161,1,49,0
FL-1435,Light Truck,129940,412,43.4,67.7,30,87.7,99.8,2.74,8.8,6,1,65,1
FL-1436,Mini Truck,452875,404,21.6,83.6,41.2,30.3,108.4,3.57,10.3,53,0,51,1
FL-1437,Heavy Truck,102899,408,76.7,45.1,74.5,93.5,90.1,1.42,6.4,170,1,51,0
FL-1438,Utility Pickup,308972,353,84,23,95.2,30.2,86.5,1.15,4.3,95,1,61,0
FL-1439,Rigid Truck,78993,399,74.3,74.1,68.1,90.2,90.2,1.63,9.3,118,1,44,0
FL-1440,Utility Pickup,245607,111,29,94.7,57.4,34.2,104.1,3.09,11.3,55,0,39,0
FL-1441,Rigid Truck,319372,213,88.4,35.8,56.9,81.2,85.4,1.1,5.6,3,1,59,1
FL-1442,Rigid Truck,140743,127,24.4,85.2,40.4,97.2,107.4,3.33,10.5,86,0,40,0
FL-1443,Utility Pickup,399111,323,80.2,81,71.2,31.2,87.1,1.48,10,74,0,29,0
FL-1444,Mini Truck,367329,178,52.3,66,94.4,59.2,96.9,2.25,8.4,44,0,36,0
FL-1445,Rigid Truck,226877,156,23.1,44.9,66.3,97,105.9,3.47,6.4,170,1,73,0
FL-1446,Light Truck,272432,163,94.4,26.9,90.2,89.2,82.3,0.83,4.4,99,1,51,0
FL-1447,Heavy Truck,517977,343,44.9,64.4,82.8,43.4,99,2.61,8.4,165,1,69,1
FL-1448,Light Truck,162999,154,25.5,45.2,30.4,34.2,105.2,3.3,6.5,139,1,82,1
FL-1449,Utility Pickup,361267,164,61,27.4,81.4,78.9,95.5,2.18,4.5,153,1,67,1
FL-1450,Rigid Truck,238321,241,81.6,86.1,88.7,62.1,89,1.42,10.5,76,0,18,0
FL-1451,Utility Pickup,300410,357,92.6,45.3,91,40.9,83.5,0.95,6.4,81,0,30,0
FL-1452,Rigid Truck,199007,170,33.5,41.7,43.7,75.9,104.7,3.01,6.1,164,1,75,1
FL-1453,Light Truck,246257,283,65.5,67.7,50.2,88.5,92.4,1.98,8.7,167,1,54,1
FL-1454,Mini Truck,421682,444,90.5,40.5,56.9,69.1,85.4,1.07,6.1,160,1,57,0
FL-1455,Heavy Truck,461087,406,48.6,96,72,84.6,97.9,2.63,11.6,37,0,29,0
FL-1456,Light Truck,312667,327,73.2,50.6,26.7,43.4,89.5,1.69,6.8,18,0,41,1
FL-1457,Heavy Truck,77309,164,25.5,76.4,80.9,85.8,106.3,3.38,9.5,145,1,59,1
FL-1458,Mini Truck,387947,370,45.8,93.5,77.4,41.6,99.6,2.67,11.2,134,1,60,0
FL-1459,Utility Pickup,45634,138,95.3,70.6,57,39.1,82.3,0.82,9.2,81,0,21,0
FL-1460,Heavy Truck,62266,100,50.8,78.1,61.8,51.3,97.4,2.37,9.7,53,1,58,0
FL-1461,Heavy Truck,503123,392,27.4,84.7,42.5,62.4,104.8,3.14,10.3,3,0,49,1
FL-1462,Heavy Truck,226335,178,69.3,29.1,90.1,89.7,91.4,1.85,4.6,141,1,59,0
FL-1463,Light Truck,246075,166,31.9,52.9,42.7,47.2,103.9,3.1,7.2,131,1,75,1
FL-1464,Rigid Truck,40217,443,80.4,73.2,55.5,38.7,89.4,1.48,9.1,128,1,49,0
FL-1465,Heavy Truck,105129,304,86.6,33.1,59.5,71.3,87.1,1.12,5.2,11,0,33,0
FL-1466,Light Truck,542286,315,31.6,70.3,53.3,32.8,104.2,2.99,8.9,73,0,52,0
FL-1467,Utility Pickup,529812,321,73.2,95.9,43.7,59.7,91.3,1.78,11.5,16,0,29,0
FL-1468,Rigid Truck,268551,379,79.2,64.2,57,92.8,88.4,1.47,8.3,82,0,27,0
FL-1469,Light Truck,164585,387,60.7,32.5,91.2,87,95.1,2.14,5,163,1,61,0
FL-1470,Heavy Truck,480299,224,35.4,31.2,63.6,55.7,102.3,3.1,4.9,19,0,54,0
FL-1471,Utility Pickup,270125,161,54.4,27.7,70.1,94.8,95.3,2.25,4.5,83,0,44,1
FL-1472,Heavy Truck,528150,179,80.1,26.3,82.3,76.2,87.1,1.45,4.6,60,0,39,0
FL-1473,Heavy Truck,62544,418,86.6,40.7,26.3,91.1,85.4,1.05,5.8,82,0,31,0
FL-1474,Light Truck,46565,268,90.9,91.1,94.1,81.8,83.7,0.89,11,138,1,31,0
FL-1475,Mini Truck,274418,415,86.5,92.8,80.8,49.1,86.3,1.3,11.3,31,1,41,0
FL-1476,Mini Truck,436008,423,82.1,91.4,93.4,30.8,87.4,1.44,11.3,127,1,46,0
FL-1477,Mini Truck,369418,134,85.8,47.5,69.7,74,86,1.34,6.6,98,1,56,1
FL-1478,Light Truck,347031,145,20.6,74.4,74.8,57.9,106.4,3.47,9.5,79,0,45,0
FL-1479,Heavy Truck,336403,198,51.3,91.4,92.1,59.2,96.8,2.5,11,52,1,51,1
FL-1480,Heavy Truck,241402,412,61.4,88.7,44.3,63.1,92.9,2.19,10.9,155,1,54,0
FL-1481,Light Truck,511400,114,58.8,89.9,31.8,44.8,94.1,2.12,10.9,59,1,65,1
FL-1482,Utility Pickup,497923,195,34.7,40,78.9,44.4,103,3,6,54,0,53,0
FL-1483,Light Truck,434581,364,23,44.4,50,54.2,105.7,3.45,6.2,109,1,82,1
FL-1484,Light Truck,232206,115,82.5,41.6,54.4,78.9,87,1.32,6.2,63,0,33,0
FL-1485,Rigid Truck,399144,381,36.2,60.6,36.5,36.9,103.4,2.96,8.1,124,1,76,0
FL-1486,Rigid Truck,136762,341,79.7,68.1,42.1,47.3,90,1.5,8.8,113,1,53,0
FL-1487,Heavy Truck,125762,331,56.7,50.6,85,78.6,94.8,2.12,7.1,18,1,57,1
FL-1488,Mini Truck,158434,286,92.8,43.4,33.2,95.4,83.3,0.99,6.2,136,1,54,0
FL-1489,Utility Pickup,61009,380,34.8,94.6,88.3,76.7,102.8,2.99,11.5,8,0,25,0
FL-1490,Utility Pickup,120451,99,87.1,97.5,95.3,36.6,87,1.26,11.7,120,1,38,1
FL-1491,Heavy Truck,235799,88,90,25.1,51.4,65.5,85.5,1.06,4.4,108,1,60,1
FL-1492,Rigid Truck,206868,448,59.3,49,68.3,65.1,95.3,2.02,6.9,31,0,37,0
FL-1493,Utility Pickup,467574,131,47.5,91.3,89.6,97.7,98.1,2.57,11,100,1,52,0
FL-1494,Rigid Truck,59018,307,51.8,67.5,28.8,35.9,98.7,2.31,8.6,39,0,40,0
FL-1495,Light Truck,360069,201,37.9,20.7,25,37.2,102.9,2.96,3.8,137,1,86,1
FL-1496,Light Truck,277493,217,32.2,56.4,35.4,35.6,103,3.05,7.6,75,0,51,0
FL-1497,Light Truck,238171,444,93.8,92.7,47,85.7,84.7,1.01,11.2,8,0,19,0
FL-1498,Rigid Truck,417116,439,39.2,42.4,32.8,66.1,102.2,2.69,6.1,10,0,54,0
FL-1499,Heavy Truck,324132,366,93.6,64,60.8,71,83.6,0.99,8.5,15,0,25,0
FL-1500,Mini Truck,184047,228,30.3,80.3,93,77.3,104.8,3.29,10.1,134,1,57,1
FL-1501,Utility Pickup,400160,156,34,77.6,50.3,48.8,101.9,2.9,9.6,57,0,46,0
FL-1502,Utility Pickup,528222,126,91.3,32.6,74.3,38.4,85.9,1.12,5.2,79,0,41,0
FL-1503,Light Truck,421486,286,36.5,92.6,29.2,50.8,101.6,2.78,11.2,162,1,69,1
FL-1504,Light Truck,69523,413,57.1,24.8,37.3,60.7,96.8,2.34,4.3,73,0,49,0
FL-1505,Light Truck,482609,161,33.6,54.2,95.7,55.8,104.3,2.98,7.2,50,0,45,1
FL-1506,Light Truck,454779,195,81.1,96.7,67,97.2,87.6,1.3,11.6,48,0,18,0
FL-1507,Utility Pickup,80498,288,54.2,39.4,58.7,69,95.7,2.41,6,171,1,65,1
FL-1508,Rigid Truck,526404,314,46.7,42.1,45.6,63.1,98.5,2.6,6.1,21,0,53,0
FL-1509,Heavy Truck,514930,407,26.2,36.5,49.6,43.5,104.2,3.38,5.6,38,0,63,1
FL-1510,Rigid Truck,234671,381,87.6,83,40.9,80.8,87,1.1,10.1,68,0,24,0
FL-1511,Heavy Truck,73046,102,34.6,87.3,34.5,65.6,102.6,3.13,10.7,91,1,61,0
FL-1512,Mini Truck,45313,334,40.8,58.1,26.6,61,101,2.89,7.7,174,1,71,1
FL-1513,Mini Truck,22847,404,70.6,96.5,92.6,73.7,90.7,1.67,11.8,153,1,40,0
FL-1514,Light Truck,202227,359,84.4,26.1,77,69.4,88.3,1.12,4.4,43,0,33,0
FL-1515,Heavy Truck,123269,286,64.8,75.1,71.6,76.7,93.6,1.82,9.4,104,1,51,0
FL-1516,Mini Truck,105516,231,57.3,97.7,91.2,53.4,94.7,2.28,11.8,80,1,47,0
FL-1517,Rigid Truck,61161,83,22.4,72.3,74.8,30.9,105.4,3.42,9.3,145,1,68,1
FL-1518,Heavy Truck,227747,153,77.5,38,88.7,65.6,88.2,1.53,5.5,28,0,32,0
FL-1519,Utility Pickup,299179,331,91.7,52.6,85,70.3,85.6,0.97,7.2,12,1,49,1
FL-1520,Light Truck,515464,397,89.4,29.7,31.9,47.4,85,1.17,4.9,79,0,46,0
FL-1521,Utility Pickup,305217,431,57.2,73.6,57.8,61.7,96.2,2.29,9.3,30,1,60,1
FL-1522,Heavy Truck,316417,242,32.8,77.6,70.8,45.7,103.9,3.17,9.9,34,0,40,0
FL-1523,Utility Pickup,102903,269,75.6,24.7,77.5,95.2,88.4,1.7,4.5,35,0,31,0
FL-1524,Mini Truck,172419,427,44.1,86.7,82.4,80.1,98.4,2.68,10.8,168,1,53,1
FL-1525,Mini Truck,58178,360,71.8,40.4,72.5,60.6,90.5,1.66,6,114,1,56,0
FL-1526,Rigid Truck,459465,264,93,41.7,49.8,93.9,85,1,6,152,1,59,0
FL-1527,Utility Pickup,268731,229,26,97.7,88.1,90.4,106.6,3.32,11.7,50,0,30,0
FL-1528,Mini Truck,95468,371,68.9,40.9,28.3,42.1,92.3,1.91,5.9,97,1,66,1
FL-1529,Mini Truck,444165,273,54.4,76.3,43,48.3,97.1,2.38,9.5,122,1,66,0
FL-1530,Heavy Truck,259745,402,86.7,20.1,55.8,92.3,84.8,1.1,3.8,50,1,60,0
FL-1531,Utility Pickup,356977,227,35,36.5,95.1,85.5,103.3,3.07,5.7,45,0,44,0
FL-1532,Heavy Truck,179759,444,64.4,46.4,25.2,56.5,92.5,2.09,6.6,75,0,42,0
FL-1533,Light Truck,268134,174,22.9,56.3,68.3,95.9,106,3.47,7.6,28,0,45,0
FL-1534,Light Truck,179457,226,35.3,29.4,39.9,52.1,101.9,3.08,4.7,64,0,55,0
FL-1535,Light Truck,536859,360,73.9,52.1,64,68.2,90.7,1.62,7,170,1,60,1
FL-1536,Rigid Truck,389673,382,37.9,92.8,28.2,87.6,100.7,2.77,11.1,52,0,38,0
FL-1537,Utility Pickup,339927,233,91.5,51.1,65.6,85.5,85.8,1.11,6.9,3,0,27,0
FL-1538,Utility Pickup,193980,399,49.3,30.4,81.8,43.5,99.1,2.41,4.7,76,0,46,0
FL-1539,Light Truck,502189,366,86.6,46.7,71.8,72.3,85.1,1.03,6.6,142,1,57,1
FL-1540,Light Truck,130987,240,24.3,36.3,79.2,85.8,106.5,3.2,5.4,172,1,73,0
FL-1541,Utility Pickup,282720,407,45.9,20.6,85.5,48.3,99.4,2.73,3.8,168,1,73,1
FL-1542,Rigid Truck,484263,102,34.4,83.3,66.2,30.7,101.8,2.97,10.3,112,1,68,1
FL-1543,Light Truck,453694,125,30.2,36.1,63,69.8,103.9,3.1,5.5,175,1,80,1
FL-1544,Mini Truck,235314,194,29.5,34.5,77.2,85.3,103.8,3.08,5.3,135,1,70,1
FL-1545,Rigid Truck,51104,164,29.4,43,76.1,94.9,105.4,3.1,6.3,16,0,42,0
FL-1546,Light Truck,143591,114,72.2,61.8,80.8,48.7,89.6,1.57,8.2,172,1,51,1
FL-1547,Rigid Truck,338319,453,25.4,44.1,43.2,72.1,105,3.17,6.1,164,1,80,1
FL-1548,Utility Pickup,234953,112,89.7,74,58.2,77.1,84.5,1.2,9.3,110,1,47,0
FL-1549,Mini Truck,110423,182,74.7,20.5,65.1,77,90.6,1.69,3.8,28,0,36,0
FL-1550,Heavy Truck,470241,330,97.8,82.2,32.5,31.2,81.5,0.9,10.4,146,1,55,1
FL-1551,Heavy Truck,518798,316,89.4,22.9,54.4,63.3,86.2,0.99,4.2,157,1,67,1
FL-1552,Mini Truck,238046,350,69.1,51,29.3,67.1,91.1,1.68,6.9,60,0,41,0
FL-1553,Mini Truck,254709,305,79.3,96.8,44.9,67.5,88.1,1.5,11.8,84,0,21,0
FL-1554,Utility Pickup,78516,146,75.8,81.8,48,61.4,90.6,1.43,10.2,38,0,23,0
FL-1555,Utility Pickup,309187,321,78.1,88.8,44.7,38.5,89.2,1.55,11,168,1,54,0
FL-1556,Heavy Truck,102488,448,96.2,38.7,44.4,48.9,83.4,0.81,5.7,172,1,56,1
FL-1557,Heavy Truck,411549,421,66.3,79.7,87.7,33.6,92.1,1.92,10.1,161,1,56,1
FL-1558,Light Truck,278151,384,48,52,38.5,35.6,97.4,2.43,7,16,0,50,0
FL-1559,Utility Pickup,240362,215,47.6,47.4,61,46.5,99.7,2.55,6.5,94,1,69,0
FL-1560,Utility Pickup,136104,224,71.9,40.4,73.8,59.5,90.9,1.82,6,125,1,58,1
FL-1561,Rigid Truck,390572,219,71.8,69.2,41.1,93.8,91.6,1.68,8.8,162,1,58,1
FL-1562,Heavy Truck,245703,383,20.5,86.1,60.7,56.8,107.6,3.37,10.4,45,0,44,0
FL-1563,Light Truck,152342,141,57.1,60.8,95.7,58.3,94.9,2.11,7.9,89,0,31,0
FL-1564,Heavy Truck,208620,316,31.5,97.4,56.9,56.4,102.5,3.21,11.6,12,0,38,0
FL-1565,Mini Truck,253348,278,22.7,29.1,44.8,73,105.6,3.26,4.8,69,0,58,1
FL-1566,Rigid Truck,542890,358,91.1,69,58.3,71.8,84.2,1,8.9,174,1,52,0
FL-1567,Utility Pickup,546365,271,96.2,85.8,85.1,90.7,82.6,0.71,10.7,155,1,40,0
FL-1568,Utility Pickup,538592,180,42.4,85.9,86.1,59.3,101.6,2.57,10.5,61,0,38,0
FL-1569,Rigid Truck,435094,254,84.3,89.8,64.8,40.3,88.3,1.35,10.9,116,1,49,0
FL-1570,Mini Truck,530881,356,39.7,51.3,32,73.1,102,2.94,7.2,87,1,78,1
FL-1571,Light Truck,296294,209,93.3,41.6,30.8,75,84.9,1.01,6,38,0,34,0
FL-1572,Utility Pickup,475056,99,47.8,59.1,49.2,49.7,98.7,2.58,7.7,5,0,48,0
FL-1573,Utility Pickup,470273,197,32,84.6,67.1,98.4,104.4,3,10.3,123,1,63,1
FL-1574,Heavy Truck,138183,180,94,43.8,72.3,79.7,85.3,0.9,6.2,122,1,47,1
FL-1575,Utility Pickup,151514,156,42.2,58.4,57.2,61.8,101.4,2.79,7.6,78,0,43,0
FL-1576,Utility Pickup,298262,279,86,78.4,35.1,54.7,86.2,1.24,9.6,97,1,54,0
FL-1577,Light Truck,338570,196,71.5,62,58.5,43,92.1,1.57,8.1,4,0,35,0
FL-1578,Light Truck,429288,273,49.5,33.8,34.3,83.8,99.6,2.61,5.1,52,1,77,1
FL-1579,Light Truck,296874,219,46.3,37.1,86.3,49.7,98.6,2.67,5.4,95,1,70,1
FL-1580,Mini Truck,437434,383,50.9,56.7,94.6,87.4,97.1,2.39,7.5,57,1,58,0
FL-1581,Utility Pickup,154745,455,57.2,77.7,86,53.7,96.5,2.28,9.7,48,0,30,0
FL-1582,Utility Pickup,243383,307,61.4,91.8,55.6,79.5,94.6,1.99,11,27,0,27,0
FL-1583,Mini Truck,408103,345,55.4,59.2,61.1,98.5,97.6,2.16,7.8,55,0,37,1
FL-1584,Mini Truck,534320,444,65.6,86.5,86.3,91.4,92,1.97,10.8,172,1,49,1
FL-1585,Mini Truck,371407,170,79.1,39,79.7,35.9,89.7,1.49,5.9,99,1,62,1
FL-1586,Rigid Truck,99094,155,70.4,50.4,68,58.4,92.2,1.8,6.9,102,1,56,0
FL-1587,Utility Pickup,539147,92,76.7,25.7,71.9,74.7,88.5,1.55,4.3,174,1,67,1
FL-1588,Utility Pickup,325834,283,22.3,84.4,39.6,79.2,105.6,3.41,10.5,165,1,69,1
FL-1589,Rigid Truck,172068,389,52,92,92,62.9,98.7,2.46,11.3,26,0,24,0
FL-1590,Rigid Truck,367147,188,92.2,49.8,80.7,87.7,83.5,0.85,6.9,156,1,49,0
FL-1591,Heavy Truck,392481,439,41.6,36,53.2,45.4,99.3,2.79,5.3,28,0,54,0
FL-1592,Rigid Truck,412877,431,45.8,81.1,77.8,97.8,100.2,2.6,10,138,1,56,0
FL-1593,Rigid Truck,258733,277,44.2,33.7,95.6,91.9,100.8,2.59,5.2,115,1,67,0
FL-1594,Utility Pickup,442044,262,70.7,28.7,35.5,41.9,92,1.62,4.6,30,0,51,0
FL-1595,Light Truck,357275,314,26.5,28.2,68.4,65.6,105.5,3.21,4.5,113,1,80,1
FL-1596,Utility Pickup,296950,82,64.7,79.9,65.2,95.9,93.7,2.06,10.1,45,0,26,0
FL-1597,Rigid Truck,152434,202,49.3,58.5,44.7,55.1,97.7,2.51,7.6,23,1,67,0
FL-1598,Light Truck,368041,108,27.9,94.3,67.1,34.7,105.9,3.15,11.6,163,1,64,1
FL-1599,Heavy Truck,379967,139,21.8,54.6,82.3,40.1,106.1,3.49,7.3,87,0,53,0
FL-1600,Light Truck,306455,123,54.5,48,69.4,47.9,95.5,2.41,6.8,120,1,68,1
FL-1601,Heavy Truck,558897,187,55.7,69.1,44,98.1,95.2,2.37,8.9,71,0,40,0
FL-1602,Heavy Truck,444215,106,18.6,65.9,94.5,63.5,107.6,3.55,8.7,20,0,46,0
FL-1603,Rigid Truck,448051,454,24.1,86.4,69.2,61.3,105.4,3.31,10.5,84,0,44,0
FL-1604,Light Truck,79631,216,80.1,65,95.8,60.9,88.7,1.49,8.6,115,1,47,0
FL-1605,Mini Truck,209276,420,40,66,39.7,98.2,100.1,2.68,8.5,140,1,65,1
FL-1606,Heavy Truck,193043,81,93.4,70.5,71.8,80,84.6,0.98,9.1,168,1,42,0
FL-1607,Rigid Truck,534990,135,86.1,25,88.4,51.9,87.6,1.29,4.4,21,0,39,0
FL-1608,Heavy Truck,462042,263,32.2,53.8,88.4,60.9,103,3.17,7.2,81,0,46,0
FL-1609,Mini Truck,122250,96,29.5,64.4,90.2,62.6,103.1,3.19,8.5,156,1,62,1
FL-1610,Rigid Truck,414068,233,19.3,52.9,44.5,91.9,108.2,3.51,7.4,62,0,52,1
FL-1611,Mini Truck,77427,205,68,83,53.7,73.7,91.5,1.89,10.1,143,1,48,1
FL-1612,Light Truck,447588,143,54.8,63.4,71.7,35.2,95.3,2.35,8.2,144,1,66,1
FL-1613,Heavy Truck,301463,300,60.5,80.7,34,51.3,94.6,2.01,10,13,0,37,0
FL-1614,Light Truck,324987,178,72.5,56.2,77.1,94.5,89.9,1.7,7.4,24,0,29,0
FL-1615,Light Truck,116364,107,94.9,68,45.9,69.4,84.3,0.91,8.7,138,1,48,0
FL-1616,Utility Pickup,531241,394,64.1,72.4,76.4,90.1,93.2,1.83,9.2,120,1,57,1
FL-1617,Mini Truck,98332,160,66.3,60.6,60.1,71.4,91.9,1.97,8.1,27,1,54,1
FL-1618,Mini Truck,31432,242,79.9,67.4,92.3,70,88.4,1.43,8.7,12,0,20,0
FL-1619,Mini Truck,356017,269,21.3,49.6,37.2,86.8,108.1,3.54,6.7,130,1,79,1
FL-1620,Rigid Truck,525561,257,93.5,43.2,73.4,45.5,85.5,0.96,6.1,33,0,34,0
FL-1621,Heavy Truck,510373,440,81.3,73.8,71.5,79.2,88.2,1.27,9.2,15,0,28,0
FL-1622,Heavy Truck,526783,313,43.6,72,61.8,44.5,101.1,2.75,9.2,159,1,71,1
FL-1623,Rigid Truck,39323,244,87.8,74.8,74.9,89.2,84.9,1.25,9.6,118,1,39,0
FL-1624,Utility Pickup,352730,440,28,47.5,34.3,96.2,104.1,3.21,6.7,38,1,77,1
FL-1625,Mini Truck,421784,384,76.9,82.5,62.4,92.1,90.4,1.56,10.1,138,1,50,1
FL-1626,Rigid Truck,23749,182,74.4,84.9,81.6,68.4,91.6,1.73,10.6,98,1,42,0
FL-1627,Light Truck,445791,352,41,71.4,75.6,36.1,99.6,2.85,9.1,5,0,44,0
FL-1628,Mini Truck,191170,119,81.1,90.3,53.5,69.7,86.7,1.5,10.8,115,1,44,0
FL-1629,Utility Pickup,300829,114,75.1,70.6,88.3,79,88.7,1.54,8.8,71,0,24,0
FL-1630,Light Truck,130118,362,90.3,89.3,39.5,71.5,86,1.01,11,122,1,44,0
FL-1631,Heavy Truck,362665,252,42.8,36.2,52.5,31.2,101.3,2.81,5.5,67,0,56,1
FL-1632,Heavy Truck,384761,234,79.1,44.3,43.9,62.5,89.4,1.31,6.3,65,0,38,0
FL-1633,Mini Truck,248117,274,33.7,60.5,32.8,46.7,102.7,2.99,8,102,1,75,1
FL-1634,Mini Truck,342419,337,22.7,34.4,63.1,89.4,107.5,3.29,5.3,112,1,78,1
FL-1635,Heavy Truck,524899,338,54.1,87.8,55.6,92.9,95.3,2.28,10.8,171,1,57,1
FL-1636,Light Truck,310004,216,93,75.5,84,93.9,84.5,0.81,9.5,73,0,16,0
FL-1637,Mini Truck,419848,228,51.1,20.9,43.8,73.2,98.7,2.51,4.1,20,0,53,0
FL-1638,Rigid Truck,417306,440,77.1,97.3,31.9,84.5,89.3,1.36,11.8,87,0,26,0
FL-1639,Light Truck,466209,205,88.1,49.2,26.2,75.3,85.9,1.14,7,32,0,36,0
FL-1640,Utility Pickup,185184,299,76.1,52,49.2,60.3,89.1,1.63,7.3,153,1,58,0
FL-1641,Mini Truck,539975,367,49.3,77.2,82.9,83.8,97.5,2.36,9.8,3,0,35,0
FL-1642,Mini Truck,206764,391,21,56.1,34.9,76.7,107.9,3.43,7.3,37,0,51,0
FL-1643,Mini Truck,485115,198,41.1,55.2,50.4,71.4,99.6,2.82,7.2,26,0,50,0
FL-1644,Mini Truck,96197,219,26,20.2,55.2,71.2,105.5,3.29,3.8,55,0,54,0
FL-1645,Utility Pickup,265955,311,44.9,64,73.3,35.8,98.8,2.76,8.4,128,1,67,1
FL-1646,Rigid Truck,138481,200,81.3,24.7,35.7,32.2,88.5,1.45,4.2,169,1,67,1
FL-1647,Heavy Truck,538998,252,18.7,38.5,52.8,39.5,108.5,3.69,5.7,33,0,62,1
FL-1648,Heavy Truck,166381,90,35.5,57.9,48,62.4,103.6,3.06,7.9,35,1,68,1
FL-1649,Utility Pickup,300484,315,78.9,33.5,47.6,94.9,89.3,1.43,5.3,48,1,61,1
FL-1650,Utility Pickup,31462,411,72.3,63,76.7,92.9,90.5,1.73,8.2,77,0,21,0
FL-1651,Utility Pickup,498879,202,54.8,56.1,65.5,65.5,95.1,2.32,7.6,93,1,65,1
FL-1652,Utility Pickup,526591,187,22.8,52.3,89.6,41.2,106.4,3.33,7,98,1,79,1
FL-1653,Rigid Truck,524248,319,28.1,65.2,82,55.6,103.8,3.3,8.6,99,1,72,0
FL-1654,Mini Truck,338769,372,93.9,78,53.7,52.6,83.3,0.87,9.9,34,0,24,0
FL-1655,Light Truck,237099,341,64.7,95.3,72.4,31.3,93.3,1.94,11.7,52,0,29,0
FL-1656,Mini Truck,232410,189,26.7,34.6,75.1,42.7,105,3.4,5.3,167,1,77,1
FL-1657,Heavy Truck,479533,148,41.1,83.3,61.6,77.2,100.2,2.66,10.3,48,0,39,0
FL-1658,Light Truck,310208,98,75.1,88.8,40.5,66.7,90.1,1.58,10.8,115,1,51,1
FL-1659,Utility Pickup,171882,228,21.5,47.5,35.1,36.1,106.8,3.41,6.6,104,1,81,1
FL-1660,Light Truck,557439,84,75.9,67.4,60.2,32,90.6,1.61,8.8,37,0,39,0
FL-1661,Utility Pickup,49022,356,49.1,54.6,32.8,48.5,97,2.41,7.2,114,1,67,1
FL-1662,Mini Truck,75038,140,59.2,49.5,86.6,61.4,96.5,2.06,6.7,57,0,32,0
FL-1663,Heavy Truck,437534,245,97.2,37.8,78.5,79.2,82.5,0.66,5.6,110,1,53,0
FL-1664,Utility Pickup,217610,355,78.8,95.5,45.5,44.1,89.5,1.39,11.6,71,0,25,0
FL-1665,Heavy Truck,185451,133,96.9,59.6,53.6,51.4,82.6,0.88,7.9,107,1,51,0
FL-1666,Mini Truck,350814,106,81,62.2,60.2,35.2,88.2,1.4,8.1,29,0,33,0
FL-1667,Rigid Truck,194897,324,71.2,29.9,88.1,88.8,90.6,1.81,4.8,67,0,34,0
FL-1668,Utility Pickup,109796,451,94.3,74.1,79.9,55.9,84.5,0.91,9.2,166,1,40,0
FL-1669,Light Truck,366649,407,63.1,77.5,27.4,76.5,94.1,1.92,9.8,10,0,36,1
FL-1670,Utility Pickup,330413,226,43.5,90.6,32.2,72.8,101.3,2.66,11.1,23,0,40,0
FL-1671,Mini Truck,192340,125,90.7,43.2,35.3,78.7,85.3,0.94,6.2,40,0,33,0
FL-1672,Mini Truck,323787,177,89.7,30.7,49.1,68.6,86.2,1.17,5,6,0,36,0
FL-1673,Utility Pickup,139278,441,83,24.7,59.8,47.4,86.2,1.34,4.2,45,0,40,0
FL-1674,Rigid Truck,226678,159,27.6,40,41.2,85.2,104.6,3.1,5.9,19,0,54,0
FL-1675,Heavy Truck,529883,122,46,49.8,69.5,38.6,98.4,2.54,6.7,43,0,49,0
FL-1676,Rigid Truck,305938,424,62,39.6,71.2,31.1,94.1,2.11,5.9,108,1,67,1
FL-1677,Rigid Truck,349293,231,43.6,69.5,30.9,79,101.3,2.66,8.9,163,1,67,0
FL-1678,Utility Pickup,286179,182,80.1,47,32.6,48.6,87.8,1.43,6.6,142,1,63,1
FL-1679,Utility Pickup,46209,286,85.5,58.1,44.3,51.4,85.1,1.09,7.6,131,1,55,0
FL-1680,Light Truck,480387,111,89.9,62.8,42.3,75.7,86.5,1.19,8,107,1,54,1
FL-1681,Heavy Truck,137630,412,39.2,26.8,49.3,85.4,101.7,2.81,4.6,129,1,72,1
FL-1682,Heavy Truck,554171,130,33,31.1,49.3,33.1,102.2,3.12,4.9,110,1,86,1
FL-1683,Light Truck,80103,436,79.8,25.2,60.3,77.9,89,1.27,4.5,41,0,35,0
FL-1684,Light Truck,442661,458,23.9,57.4,29,84.6,106.9,3.26,7.6,151,1,80,1
FL-1685,Rigid Truck,173620,283,72.8,70,32.1,54.3,90.5,1.65,8.9,94,1,56,1
FL-1686,Rigid Truck,176185,293,65.8,28.9,76,82.3,92,1.98,4.9,52,0,38,0
FL-1687,Rigid Truck,281578,448,64.3,86.7,72.7,72.2,92.2,1.82,10.8,113,1,50,0
FL-1688,Mini Truck,457079,231,83,32.6,44.5,64.4,86.4,1.25,4.9,104,1,66,1
FL-1689,Rigid Truck,366452,197,65.2,41.5,42.1,32.5,92.7,2.01,5.9,115,1,72,1
FL-1690,Mini Truck,350624,238,91,32.7,49.3,68.9,84.5,0.89,5.2,170,1,61,1
FL-1691,Rigid Truck,385760,161,87.3,52.5,53.8,83.3,85.8,1.11,7.2,123,1,55,0
FL-1692,Light Truck,26411,431,21.9,78.4,60.6,86.7,107.1,3.54,9.9,102,1,60,1
FL-1693,Heavy Truck,43549,209,68.3,71,45.1,68,91.1,1.89,9,52,0,31,0
FL-1694,Rigid Truck,488175,349,56.1,53.1,70.6,68.2,96.2,2.18,7.3,144,1,66,0
FL-1695,Heavy Truck,254929,277,55.3,30.2,70.5,35.6,97.7,2.2,4.9,75,0,47,0
FL-1696,Rigid Truck,239842,315,48.9,73.7,48.4,37.9,99.1,2.51,9.3,146,1,64,0
FL-1697,Utility Pickup,183156,186,95,43.2,37.1,54,84.8,0.96,6,69,0,33,0
FL-1698,Rigid Truck,370844,83,62.1,39.9,38.5,68.5,95.6,2.06,5.9,118,1,70,1
FL-1699,Rigid Truck,348686,81,32.8,70.2,87,89.6,103.7,3.11,9,126,1,64,0
FL-1700,Mini Truck,410836,367,37.5,57.6,86.7,44.7,102,2.86,7.9,93,1,70,1
FL-1701,Heavy Truck,52391,168,79.9,76.9,90.4,74.8,89.6,1.38,9.5,52,0,18,0
FL-1702,Utility Pickup,47267,104,58.8,98.8,27.4,36.7,96.3,2.23,12,69,0,29,0
FL-1703,Light Truck,372645,312,70.1,36.1,87.1,41,92.4,1.89,5.4,20,1,63,0
FL-1704,Mini Truck,92817,336,79.7,61.6,88.8,60.2,88.3,1.51,7.9,60,0,23,0
FL-1705,Light Truck,75088,456,24,35.1,37.7,58,105.5,3.49,5.4,23,0,56,1
FL-1706,Heavy Truck,150601,92,39.2,98.4,40.3,74.3,102.6,2.69,11.7,74,0,32,0
FL-1707,Light Truck,394635,344,59.2,49.1,91,40,93.9,2.1,6.9,44,0,42,0
FL-1708,Mini Truck,56537,366,93.5,41.3,38.5,41.6,82.9,1.01,6,142,1,57,0
FL-1709,Utility Pickup,224334,96,71.3,95.6,63,85.2,90.2,1.85,11.5,26,0,22,0
FL-1710,Utility Pickup,55704,162,55.3,65.7,38,75.1,95.4,2.28,8.4,174,1,60,1
FL-1711,Heavy Truck,356477,307,47.4,21.9,81.5,92.4,98.9,2.61,3.9,162,1,69,1
FL-1712,Rigid Truck,442741,225,21.2,86.8,42,48.4,107.6,3.58,10.6,98,1,74,1
FL-1713,Mini Truck,457786,197,45.4,75.5,85.4,66.6,99.3,2.51,9.5,124,1,62,1
FL-1714,Mini Truck,26795,284,88.8,73.2,72.6,47.3,85.8,1.12,9.3,37,0,22,0
FL-1715,Rigid Truck,484274,96,44,51,29.9,51.4,99.9,2.75,7.1,77,0,52,0
FL-1716,Heavy Truck,31670,176,25,20.9,57.8,46.4,106.3,3.42,4,155,1,81,1
FL-1717,Rigid Truck,106920,275,61.7,51.5,67.6,85.2,95.2,1.98,7,37,0,32,0
FL-1718,Utility Pickup,276928,230,71.3,72.1,77.7,90.8,90.8,1.69,9.2,90,1,48,0
FL-1719,Rigid Truck,135203,193,33.9,67,70.9,90.5,103.6,2.92,8.8,90,0,38,0
FL-1720,Light Truck,171897,112,25.4,87.7,51.2,60.3,106.8,3.29,10.8,132,1,65,0
FL-1721,Utility Pickup,198965,392,56,39,44.7,79.8,97.4,2.22,5.7,6,1,67,1
FL-1722,Mini Truck,243315,286,48.5,83.7,51.9,87,98.6,2.4,10.4,96,1,56,0
FL-1723,Utility Pickup,65506,399,90.7,38.5,59.6,88.6,84,1.06,5.8,33,0,26,0
FL-1724,Utility Pickup,284639,179,85.3,97.4,92.1,54.1,85.7,1.1,11.6,36,0,15,0
FL-1725,Heavy Truck,310499,186,22,93.5,57.3,95.8,106.4,3.3,11.2,170,1,63,1
FL-1726,Rigid Truck,314941,418,30.5,27.5,68.2,70.2,103,3.24,4.8,84,0,54,0
FL-1727,Light Truck,131104,454,65.6,61.1,64.8,69.7,94.4,2,7.8,160,1,55,0
FL-1728,Utility Pickup,536666,397,19.6,63.2,65.9,74.5,107.9,3.56,8.4,62,0,53,0
FL-1729,Utility Pickup,197824,217,31.4,45.4,60.6,98.1,103.3,3.06,6.6,8,0,47,0
FL-1730,Mini Truck,263856,430,91.6,65.2,80.5,60,83.5,1.04,8.5,101,1,47,0
FL-1731,Mini Truck,105023,134,35.5,85.1,40.3,91.4,102.9,3.07,10.5,29,0,35,0
FL-1732,Heavy Truck,28942,425,90.5,87.9,60.6,67.5,84.2,0.97,10.9,65,0,14,0
FL-1733,Mini Truck,141801,255,48.9,28.4,69.2,70.2,99.8,2.5,4.9,35,0,45,0
FL-1734,Heavy Truck,69830,319,24.9,53.4,65.1,40.2,105.3,3.27,7.2,94,1,72,1
FL-1735,Light Truck,338531,380,50.5,65.8,74.8,36.4,96.5,2.28,8.6,136,1,63,1
FL-1736,Utility Pickup,91833,336,18.3,20.8,70.4,49.9,108.9,3.57,4.1,155,1,82,1
FL-1737,Light Truck,239432,165,38.5,98.8,84.9,71,102.2,2.94,12.1,126,1,52,0
FL-1738,Light Truck,22791,365,72.1,36.5,34.5,67,90.7,1.79,5.5,142,1,63,1
FL-1739,Heavy Truck,52749,126,25.5,23.6,39,66.7,104.8,3.18,4.2,9,0,58,0
FL-1740,Heavy Truck,260539,420,22.8,62.8,91.2,59,107.6,3.27,8.4,28,0,44,0
FL-1741,Mini Truck,507349,146,55.9,24.1,88,47.3,96,2.17,4.3,52,1,73,1
FL-1742,Mini Truck,51482,316,95.1,95,52.8,91.8,83.7,0.87,11.7,32,0,11,0
FL-1743,Heavy Truck,449946,356,79.7,82.5,58.3,79.3,88.4,1.28,10.1,74,0,26,0
FL-1744,Light Truck,386657,208,24.6,82.7,76,72.2,106.4,3.24,10.1,28,0,42,0
FL-1745,Utility Pickup,329845,239,43.1,91.8,60.7,83.7,98.9,2.78,11,59,0,32,0
FL-1746,Heavy Truck,113086,332,74,97.9,58.6,46,90.1,1.52,11.9,91,1,45,0
FL-1747,Light Truck,492959,396,31.5,30.4,85.4,77.3,103.9,3.23,4.9,105,1,75,1
FL-1748,Rigid Truck,178339,120,81.5,25.5,52.8,57.2,87.6,1.33,4.3,122,1,64,1
FL-1749,Utility Pickup,279296,386,54.3,45.2,74.7,91.1,95.3,2.19,6.3,168,1,62,0
FL-1750,Light Truck,246462,115,73.5,74.5,37.9,71.8,90.3,1.54,9.4,21,1,53,0
FL-1751,Light Truck,532832,437,67.7,59.2,66.4,90.6,93,1.75,7.8,57,0,34,0
FL-1752,Mini Truck,189042,123,41.5,64.8,38.8,79.3,101.2,2.77,8.4,88,1,65,0
FL-1753,Light Truck,273598,318,66.1,60.9,88.3,53.9,91.4,1.87,8,21,0,31,0
FL-1754,Mini Truck,325485,182,41.6,54.2,67.1,67.9,101.5,2.61,7.4,51,0,43,0
FL-1755,Light Truck,201469,342,28.6,30.4,58.8,75.2,104.9,3.27,4.9,21,0,51,0
FL-1756,Heavy Truck,527117,404,63.7,20.5,71.1,52.9,94.6,2.1,3.8,105,1,75,1
FL-1757,Mini Truck,334041,144,73.9,83.7,47.2,39,91.5,1.62,10.3,143,1,57,0
FL-1758,Rigid Truck,350343,268,33.8,87.1,42.6,82.3,104,3.12,10.9,106,1,63,1
FL-1759,Heavy Truck,276633,312,96.3,42.4,47.4,95.8,84.4,0.88,5.9,66,0,28,0
FL-1760,Utility Pickup,143057,286,74.7,67.7,48,91.2,90.9,1.71,8.5,20,0,27,0
FL-1761,Mini Truck,112410,319,87.7,32.9,30.8,80.4,86.5,1.22,5.1,140,1,57,1
FL-1762,Utility Pickup,177213,437,95.8,69.2,33.4,92,83.2,0.83,8.7,20,0,24,0
FL-1763,Heavy Truck,138867,110,83.2,76.1,86.5,41.2,87.7,1.24,9.7,173,1,46,0
FL-1764,Light Truck,121512,143,24.2,82.3,61.6,65.7,107.4,3.48,10.1,100,1,62,0
FL-1765,Heavy Truck,370799,178,30.8,34.5,90.3,73.7,104.9,2.99,5.4,168,1,74,0
FL-1766,Utility Pickup,344539,222,45.8,24,92.6,43.3,100.8,2.66,4.2,46,0,49,1
FL-1767,Light Truck,447263,168,69.4,26.8,25.6,34.8,91.1,1.88,4.4,31,0,53,1
FL-1768,Utility Pickup,557783,259,23.4,95.2,76.6,61,105.8,3.43,11.5,125,1,68,1
FL-1769,Mini Truck,21872,149,35.5,29.9,69.3,41,103.1,2.98,5,52,1,72,1
FL-1770,Light Truck,546280,372,43.3,60.9,52.4,63.3,101.4,2.74,7.9,122,1,73,1
FL-1771,Utility Pickup,99229,100,43.9,26.9,44.3,84.8,100.7,2.79,4.5,107,1,74,0
FL-1772,Mini Truck,333458,196,85.8,36.6,35.2,83,86.9,1.1,5.7,81,0,37,0
FL-1773,Rigid Truck,339635,400,80.5,45,68.6,77.2,88.5,1.39,6.2,68,0,34,0
FL-1774,Mini Truck,315143,299,95.6,34.7,83.8,36.5,83.5,0.84,5.4,148,1,56,0
FL-1775,Rigid Truck,297096,208,19,25.8,58.4,32.2,107.3,3.66,4.4,58,0,62,0
FL-1776,Heavy Truck,508901,378,55.3,81.9,63.9,59.1,96.8,2.29,10,31,0,35,0
FL-1777,Rigid Truck,244776,245,91,56.1,59.9,85,85,1.13,7.4,173,1,48,0
FL-1778,Rigid Truck,43800,264,27.6,26.3,57.5,51.9,105.7,3.22,4.4,77,0,55,1
FL-1779,Heavy Truck,52224,455,20.2,95.3,68.2,86.3,107.2,3.53,11.6,142,1,59,0
FL-1780,Utility Pickup,238151,98,36.4,98.3,82.2,57.9,100.9,2.88,11.8,75,0,31,0
FL-1781,Heavy Truck,404589,277,93.1,96.4,28.5,77.9,84.8,0.92,11.8,131,1,44,0
FL-1782,Mini Truck,449895,459,77.5,84.9,69.5,74.6,88.8,1.6,10.6,155,1,50,0
FL-1783,Mini Truck,296972,217,56.3,36.5,47.5,40.1,97,2.25,5.7,173,1,73,1
FL-1784,Rigid Truck,394288,115,29.5,65.4,50.6,33.6,105.6,3.26,8.4,62,0,51,0
FL-1785,Rigid Truck,528824,423,89.9,47.9,47.1,81.7,85.6,0.96,6.8,64,0,35,0
FL-1786,Utility Pickup,519575,435,51.8,57.2,40.9,95.8,97.9,2.32,7.6,19,0,43,1
FL-1787,Rigid Truck,109848,395,56.3,29.8,36.5,41.9,96.2,2.24,4.8,30,0,47,0
FL-1788,Rigid Truck,416851,157,54.8,25.5,67.4,84,95.2,2.33,4.5,62,0,47,1
FL-1789,Utility Pickup,35899,373,57.6,47.3,30.3,84.4,95.9,2.2,6.6,152,1,61,1
FL-1790,Utility Pickup,301726,235,26.1,54.5,54.1,91.6,104.7,3.31,7.5,22,1,72,1
FL-1791,Heavy Truck,46395,181,83.8,22.9,40,30.1,87.7,1.29,4.3,157,1,64,1
FL-1792,Heavy Truck,129331,100,43.3,43.5,61.5,44,100.9,2.81,6.1,119,1,72,1
FL-1793,Light Truck,554926,393,77.9,28.2,87.3,95.9,88.8,1.34,4.8,52,0,36,0
FL-1794,Utility Pickup,196285,361,33.3,45.1,42.5,47.6,102.2,3.04,6.3,89,1,75,1
FL-1795,Rigid Truck,532158,253,85,70.4,43.9,96.1,86.7,1.32,8.8,170,1,52,1
FL-1796,Heavy Truck,312189,292,95.8,28,49.5,71.6,83.3,0.87,4.8,50,0,36,0
FL-1797,Light Truck,68023,156,66.2,79.8,74.1,33.1,94.2,1.82,10.1,77,0,28,0
FL-1798,Heavy Truck,207665,239,65.2,67.4,45.1,59.8,92.9,2,8.5,143,1,58,1
FL-1799,Mini Truck,225954,331,68.2,52.3,94.6,75.4,92.1,1.67,7.2,155,1,55,0
FL-1800,Mini Truck,360282,247,93.3,80.5,33.8,41,84.9,0.91,10.1,42,0,29,0
FL-1801,Heavy Truck,454848,453,72.1,44.2,38.5,90.6,90.2,1.69,6.3,107,1,66,1
FL-1802,Heavy Truck,310874,213,69.3,90.5,26.7,66,92.4,1.68,11.1,35,0,31,0
FL-1803,Utility Pickup,119551,244,93.6,91.1,66.5,57.7,82.8,1.01,11,50,0,17,0
FL-1804,Heavy Truck,61161,424,76.1,77.3,49.9,41.3,89.9,1.41,9.7,13,0,29,0
FL-1805,Mini Truck,443389,344,92.9,33.8,46.2,73.4,85.3,1.04,5.1,157,1,61,0
FL-1806,Rigid Truck,364194,337,51.8,88,35.7,69.1,98.3,2.47,11,155,1,61,0
FL-1807,Mini Truck,275057,146,53.1,25.3,76.7,98.2,95.5,2.29,4.2,113,1,67,1
FL-1808,Rigid Truck,202358,177,67.1,55.5,44.6,81.3,93.4,1.73,7.4,31,0,37,0
FL-1809,Mini Truck,221505,104,52.4,23.8,48,37,97.5,2.38,4.3,85,0,54,0
FL-1810,Mini Truck,335158,92,88,63.3,32.6,40.5,85.3,1.04,8.1,155,1,58,0
FL-1811,Utility Pickup,166709,232,54,72.3,67.2,56.1,95.2,2.45,9.4,153,1,57,0
FL-1812,Utility Pickup,169458,285,56.1,69.2,85.5,51.9,94.8,2.14,8.7,14,0,31,0
FL-1813,Rigid Truck,458661,345,41.3,72.7,39.5,74.9,101.7,2.69,9,173,1,69,1
FL-1814,Rigid Truck,228858,161,92.7,32.8,47.3,98.7,84.4,0.93,5.2,9,1,56,1
FL-1815,Light Truck,268063,236,55.1,41.2,37.2,48.1,97.6,2.37,6.1,15,0,46,0
FL-1816,Mini Truck,539111,265,43.7,56.3,42.3,61.9,99.8,2.74,7.5,38,0,49,0
FL-1817,Light Truck,170011,325,38.7,64.8,58.9,91.4,103,2.83,8.3,113,1,60,0
FL-1818,Mini Truck,245253,435,70.8,92.1,78,83.9,90,1.64,11.3,68,1,42,1
FL-1819,Heavy Truck,326983,449,37.7,84.3,67.3,98,101.8,2.73,10.3,85,0,33,0
FL-1820,Rigid Truck,273647,247,67.8,50.8,83.7,53.6,92.4,1.86,6.9,162,1,60,1
FL-1821,Rigid Truck,453050,179,43.1,61.7,80,78.7,101.6,2.82,8.1,171,1,63,1
FL-1822,Utility Pickup,544058,393,76.2,61.7,43.7,31.1,89.4,1.43,8.1,103,1,67,1
FL-1823,Heavy Truck,55292,149,46.6,31.8,91.7,96.6,98.2,2.49,4.9,59,0,37,0
FL-1824,Light Truck,412457,134,20.8,47.5,45.6,95,108.2,3.34,6.7,36,0,54,0
FL-1825,Light Truck,451949,192,30.3,72.3,54.2,61.3,104,3.11,9.1,68,0,47,0
FL-1826,Rigid Truck,46681,293,62.1,37.9,85.3,58.4,93.5,2,5.6,153,1,59,1
FL-1827,Light Truck,195820,198,21,68.6,53.6,88.7,106.8,3.46,9,121,1,68,1
FL-1828,Light Truck,456258,320,82.8,60.5,70.7,71.9,87.4,1.39,8,143,1,54,1
FL-1829,Heavy Truck,484582,320,49.4,54.1,66.7,76.7,98.1,2.36,7.3,58,1,67,1
FL-1830,Heavy Truck,385913,127,78.8,72.7,29.9,70.8,88.6,1.4,9,17,0,33,0
FL-1831,Utility Pickup,293307,441,67.7,22,46.4,80.8,93.1,1.83,4,36,0,46,0
FL-1832,Rigid Truck,149422,118,23.2,45.5,38.8,72.7,106.8,3.45,6.5,148,1,76,1
FL-1833,Heavy Truck,406090,331,53.7,55.3,28.8,87.8,96.7,2.18,7.6,47,0,43,0
FL-1834,Rigid Truck,539972,237,24.1,72.4,31.3,56.3,105.7,3.36,9.3,69,1,79,1
FL-1835,Heavy Truck,363536,257,33.7,88.7,94.7,66.6,104.2,3.06,10.8,5,0,35,0
FL-1836,Heavy Truck,222844,207,76.2,29.2,87.2,54,88.5,1.53,4.8,88,0,35,0
FL-1837,Light Truck,464213,240,62.1,23.4,27.8,39.2,93.1,1.96,4.3,85,0,54,1
FL-1838,Light Truck,354255,174,74.5,71.3,66.7,83.9,90.7,1.62,8.9,145,1,51,0
FL-1839,Utility Pickup,511172,290,23.5,75.5,74.2,95.6,106.6,3.37,9.6,167,1,68,1
FL-1840,Light Truck,512864,352,36.7,38.6,45.4,78.8,103.5,2.81,5.7,86,0,56,1
FL-1841,Heavy Truck,30301,245,68.5,91.2,48.8,73.6,91.5,1.88,11.3,170,1,48,0
FL-1842,Light Truck,125181,357,46.9,59.9,51.2,33.9,98.9,2.63,7.9,61,1,66,1
FL-1843,Utility Pickup,128660,157,46.5,31.7,83.6,55.7,99.7,2.43,5.1,130,1,68,1
FL-1844,Utility Pickup,112261,252,71.3,47.6,79.5,32.4,92.3,1.85,6.7,29,0,36,0
FL-1845,Light Truck,437165,179,36.2,39.1,57.8,84.8,101.5,3.08,5.8,175,1,75,1
FL-1846,Heavy Truck,538878,357,41.9,64.1,37.3,73,100.2,2.65,8.4,142,1,71,1
FL-1847,Light Truck,304866,119,72.9,40.8,30.8,53.8,91.7,1.64,5.9,173,1,67,1
FL-1848,Utility Pickup,432678,311,18.9,56.3,63.9,84.8,109.4,3.46,7.6,161,1,76,1
FL-1849,Rigid Truck,173975,357,46.6,59.3,95.2,56.8,98.1,2.49,7.8,149,1,58,1
FL-1850,Utility Pickup,401282,190,96.4,29.6,42.6,45.7,84.5,0.78,4.8,27,0,41,0
FL-1851,Rigid Truck,498042,156,97,57.9,43.5,69.3,82.9,0.87,7.6,108,1,57,1
FL-1852,Light Truck,458407,108,58.1,97.5,27.9,72.4,95,2.03,11.7,122,1,59,1
FL-1853,Rigid Truck,469142,274,51.4,51.2,93.8,81.7,96.6,2.26,7,64,0,37,0
FL-1854,Heavy Truck,239008,189,45,66.6,83.5,75.2,98.6,2.68,8.7,87,1,59,0
FL-1855,Mini Truck,259063,230,33.6,89.1,44.6,71.6,103.3,3.1,10.8,22,0,39,0
FL-1856,Rigid Truck,137373,179,41,25.7,91.7,57.3,101.3,2.86,4.2,116,1,69,0
FL-1857,Utility Pickup,343336,200,62.9,24.9,89,60.5,94.4,2.06,4.5,29,0,43,1
FL-1858,Rigid Truck,478902,99,46.9,93.8,48.2,82.4,98.5,2.63,11.4,75,0,35,1
FL-1859,Mini Truck,538023,117,31.9,40.1,71.8,45.4,102.3,2.97,5.9,145,1,80,0
FL-1860,Mini Truck,232876,375,60.5,31.7,73.6,41.5,96.1,2.23,5.1,128,1,66,1
FL-1861,Heavy Truck,340116,392,58.1,47.7,73.5,77.8,94.1,2.31,6.6,144,1,65,0
FL-1862,Heavy Truck,510957,273,90.5,90.5,36.4,82.6,84.2,0.94,11,82,0,24,0
FL-1863,Utility Pickup,497775,310,41.9,71.5,31.6,30.9,100.2,2.66,8.9,61,0,52,0
FL-1864,Utility Pickup,366175,348,79,64.2,65.7,52.3,90,1.35,8.3,112,1,55,0
FL-1865,Heavy Truck,44642,127,65.3,65.9,58.4,77.5,92.8,1.89,8.4,162,1,52,0
FL-1866,Rigid Truck,162841,167,84.3,92.1,44.9,69.4,87,1.18,11.3,37,0,20,0
FL-1867,Rigid Truck,417378,307,50.1,28.4,26,61.4,97.7,2.4,4.6,90,0,56,1
FL-1868,Heavy Truck,545759,315,64,69.1,53,97.5,92.9,2.08,8.7,47,0,34,0
FL-1869,Light Truck,83019,114,70.3,45.3,53.9,76.9,91.8,1.67,6.2,107,1,58,0
FL-1870,Rigid Truck,509015,192,67,53.6,84.7,37,91.1,1.94,7.2,138,1,62,1
FL-1871,Heavy Truck,346190,292,64.2,94.1,78.4,68.1,94.8,2.07,11.5,101,1,48,0
FL-1872,Rigid Truck,325544,405,25.2,43.8,32.3,70.8,107.2,3.28,6.2,135,1,79,1
FL-1873,Utility Pickup,53636,354,81.4,72.5,44.5,91.9,88,1.47,9.4,98,1,47,1
FL-1874,Heavy Truck,89558,435,89.7,21.7,29.4,80.2,85.7,1.09,3.9,52,0,38,0
FL-1875,Heavy Truck,219644,104,91,56.5,27.5,50.6,84.5,0.94,7.6,22,0,35,0
FL-1876,Light Truck,151631,441,59.7,28.2,46.2,57.9,95.2,2,4.6,157,1,71,1
FL-1877,Mini Truck,243285,368,58.2,71.7,66.5,97.8,94.3,2.25,9.3,75,0,29,0
FL-1878,Light Truck,329124,340,42.2,89.4,26.7,86.8,100.2,2.83,11.1,174,1,62,1
FL-1879,Light Truck,141404,158,55.7,65.9,31.2,61.6,95.1,2.4,8.6,70,0,38,0
FL-1880,Light Truck,241480,148,88.5,55.8,95.7,58.9,84.9,1.06,7.5,81,0,24,0
FL-1881,Mini Truck,272746,441,79.2,35.8,38.2,64.6,89.2,1.31,5.4,79,0,40,0
FL-1882,Mini Truck,234760,390,52.5,54.6,44.7,90.4,97.5,2.31,7.2,46,0,40,0
FL-1883,Heavy Truck,238151,254,87.3,46.3,40.9,36.5,86.7,1.06,6.5,155,1,60,0
FL-1884,Light Truck,191517,83,60,92.7,47.3,85.5,93.6,2.13,11.1,165,1,52,1
FL-1885,Light Truck,527260,355,54.1,81.9,72.6,82.9,96.1,2.24,10.2,122,1,60,0
FL-1886,Mini Truck,481364,164,67.4,91.7,84.9,53.8,93.7,1.7,11.2,54,0,28,0
FL-1887,Heavy Truck,284689,352,90.2,86.5,46.5,83.6,85.1,1.1,10.8,27,0,19,0
FL-1888,Heavy Truck,84314,235,33,76.3,88.1,71.5,103.2,3,9.6,134,1,56,0
FL-1889,Rigid Truck,188216,279,63.3,92.3,88.7,63.8,92.8,1.86,11.1,64,1,48,1
FL-1890,Utility Pickup,391229,416,86.4,48.7,79.3,46.7,85.6,1.12,6.7,88,1,55,0
FL-1891,Heavy Truck,204712,142,96.4,52.5,94.3,63.6,81.9,0.68,7,115,1,44,0
FL-1892,Utility Pickup,146885,101,83.3,40.7,56.8,84.4,88.6,1.28,5.9,99,1,55,1
FL-1893,Light Truck,263359,451,80.4,75.5,54.1,40.1,89,1.28,9.4,128,1,52,0
FL-1894,Mini Truck,441997,151,21.3,58,65.1,73.5,107.5,3.59,7.8,75,1,76,1
FL-1895,Mini Truck,42764,148,61.9,21.3,63.4,78.2,93.7,2.15,3.9,149,1,66,0
FL-1896,Rigid Truck,143498,91,41.9,41.9,93.4,31.6,101.7,2.66,5.9,17,0,42,1
FL-1897,Light Truck,461607,255,38.4,63.5,44.6,73.8,101.5,2.73,8.2,32,0,48,1
FL-1898,Light Truck,235578,395,66,84.2,70.2,93.4,92.3,1.83,10.3,126,1,49,0
FL-1899,Utility Pickup,256432,401,29.8,29.1,88.3,78.1,104,3.2,4.6,166,1,72,0
FL-1900,Utility Pickup,523356,98,25.3,67.1,61.5,43.7,105.5,3.3,8.6,160,1,75,1
FL-1901,Rigid Truck,85493,165,66.6,61.3,51.6,61,92.2,1.8,8.2,172,1,59,1
FL-1902,Heavy Truck,559215,292,93.6,78,36.9,43.8,83.2,1.06,9.6,129,1,54,0
FL-1903,Rigid Truck,263284,113,36.9,71.1,61,59.7,101.2,2.8,9,116,1,65,1
FL-1904,Heavy Truck,384451,375,19.1,51,31.5,32.3,108.7,3.38,7,6,0,61,1
FL-1905,Heavy Truck,395749,257,53.8,57.8,27.6,44.3,97.9,2.22,7.8,87,1,74,1
FL-1906,Mini Truck,443967,87,85,72.4,72.1,78.7,87.5,1.3,9.3,92,1,49,0
FL-1907,Heavy Truck,330470,179,79.5,53.7,80.6,92.4,89.7,1.48,7.1,172,1,53,0
FL-1908,Heavy Truck,100686,199,97.1,33.2,73.9,66.1,83.3,0.9,5.1,68,0,26,0
FL-1909,Utility Pickup,457204,424,59.1,26.6,48.7,55.4,96.5,2.25,4.3,25,0,50,1
FL-1910,Light Truck,452603,425,80.5,53.2,63.6,87.4,87.8,1.42,7.1,115,1,55,0
FL-1911,Mini Truck,544983,404,66.5,35.6,52.7,54.8,92.9,1.81,5.3,171,1,71,0
FL-1912,Rigid Truck,288649,169,32.2,68.4,52.9,71.2,104.2,2.99,8.8,9,0,43,0
FL-1913,Light Truck,302480,225,70.7,83.6,29.7,37,91.4,1.69,10.4,70,0,36,0
FL-1914,Utility Pickup,544375,407,33.1,42.4,61,43.5,102.5,3.15,6,130,1,83,1
FL-1915,Mini Truck,529215,212,77.5,46.4,41.3,35.7,90.6,1.49,6.6,95,1,67,0
FL-1916,Mini Truck,43434,210,78.7,73.2,26.5,62.1,89.8,1.3,9.1,167,1,52,0
FL-1917,Light Truck,156831,105,65.7,49.7,30.5,92.3,91.6,1.76,7,81,0,36,0
FL-1918,Light Truck,420136,368,25.8,63.8,89.7,71.4,105.1,3.37,8.3,143,1,67,1
FL-1919,Light Truck,475361,242,41.9,83.2,38.2,57.8,100.5,2.72,10.4,115,1,66,1
FL-1920,Light Truck,301319,145,38.7,63.4,41.2,41.6,100.3,2.73,8.5,173,1,74,0
FL-1921,Rigid Truck,559855,369,68.4,78.1,85,96,91.8,1.86,10,154,1,51,0
FL-1922,Light Truck,316482,321,24,87.6,25.3,90,107.6,3.48,10.7,20,1,68,1
FL-1923,Utility Pickup,513595,85,46.8,27,28.6,85.4,98.3,2.7,4.5,85,0,55,1
FL-1924,Mini Truck,228665,169,72.6,64,29.4,78.8,90.8,1.56,8.4,8,0,32,0
FL-1925,Heavy Truck,233232,332,81.6,26.3,69.2,60.8,88.6,1.22,4.3,29,0,39,0
FL-1926,Mini Truck,171747,451,41,58.7,63.2,56.8,99.6,2.74,7.8,101,1,67,1
FL-1927,Light Truck,456221,439,77.3,34.4,35.4,64.7,89.6,1.4,5.3,24,0,44,0
FL-1928,Heavy Truck,126908,196,89.4,85,56,67.9,84.5,1.07,10.3,139,1,42,1
FL-1929,Mini Truck,53417,397,66.4,37.1,79.4,69,92.4,1.9,5.6,30,0,33,0
FL-1930,Heavy Truck,540452,287,85.3,49.6,62.3,41.4,87.1,1.08,6.9,20,0,39,0
FL-1931,Rigid Truck,235874,369,65.6,61.6,84.2,35,94.2,2.04,8.2,140,1,57,1
FL-1932,Mini Truck,42976,264,85.6,24.3,35.5,32.7,85.2,1.17,4.4,151,1,64,0
FL-1933,Rigid Truck,439232,171,52.3,56.8,34.4,90.8,97,2.28,7.5,66,0,42,0
FL-1934,Light Truck,265652,384,23.3,31.1,95.3,70.3,106.6,3.25,4.8,165,1,75,1
FL-1935,Utility Pickup,290419,102,53.6,65.8,91.7,49.2,97.9,2.18,8.6,145,1,61,0
FL-1936,Heavy Truck,296190,210,54.2,70.5,26.1,92.4,98,2.16,8.9,111,1,60,0
FL-1937,Mini Truck,504674,310,70.4,92,26.4,54.2,90.9,1.65,11.4,27,0,37,0
FL-1938,Utility Pickup,309044,364,79.1,76.2,82.2,86.2,87.9,1.57,9.6,72,0,21,0
FL-1939,Utility Pickup,451612,172,62.5,57.5,55.1,79.2,93.1,2.01,7.6,39,0,38,0
FL-1940,Rigid Truck,256000,397,76.8,85.3,91.9,98,90.4,1.64,10.6,3,1,43,0
FL-1941,Rigid Truck,142428,259,25.5,84.4,75.8,83,104.8,3.24,10.4,39,0,36,0
FL-1942,Mini Truck,445119,405,94.7,55.1,73.8,92.6,82.5,0.88,7.4,65,0,24,0
FL-1943,Light Truck,59128,210,60.6,28.4,41.2,76.5,93.7,2.05,4.7,132,1,67,1
FL-1944,Mini Truck,340918,226,34,64.2,66.6,42.7,102.7,3.15,8.5,61,0,45,0
FL-1945,Mini Truck,380408,200,89,78.6,29.1,57.4,84.3,1.04,10,124,1,53,0
FL-1946,Heavy Truck,139328,374,97.5,85.3,47.6,30.4,81.5,0.94,10.4,136,1,45,0
FL-1947,Light Truck,422954,444,45.5,51.6,71.1,60.3,98.7,2.65,7,127,1,70,1
FL-1948,Rigid Truck,113910,168,67.9,89.5,80.9,33.7,91.9,1.69,10.9,36,0,25,0
FL-1949,Rigid Truck,254108,213,71.9,50.4,72.3,77.7,90,1.64,6.8,118,1,56,0
FL-1950,Utility Pickup,518652,370,31,42.8,50.8,94.7,105.3,3.24,6.1,153,1,76,0
FL-1951,Light Truck,65046,98,21.3,56.1,49.4,50.4,106.7,3.47,7.3,22,0,50,0
FL-1952,Rigid Truck,481817,120,78.2,99,38.2,31.5,89.6,1.55,12,117,1,54,0
FL-1953,Light Truck,491420,147,43.1,63.1,68.1,79.1,101.1,2.83,8.4,23,0,42,0
FL-1954,Light Truck,70574,160,81,47.5,82,57.9,88.1,1.48,6.6,112,1,52,1
FL-1955,Light Truck,295807,210,56.4,94.9,29,60.5,97.4,2.32,11.3,21,0,34,0
FL-1956,Rigid Truck,208034,434,39.7,66.1,57.6,42.5,100.4,2.9,8.5,8,0,42,0
FL-1957,Mini Truck,225191,173,45,43.6,62.4,42,99.9,2.64,6.2,11,0,46,0
FL-1958,Mini Truck,406043,207,34.5,20.2,30.7,80.1,103.4,2.97,3.8,173,1,84,1
FL-1959,Rigid Truck,88560,450,73.2,39.6,50.2,89.8,89.6,1.71,5.9,164,1,57,1
FL-1960,Light Truck,505488,179,63.4,45.3,94.4,45.8,93.5,2.09,6.5,103,1,65,0
FL-1961,Utility Pickup,508448,434,87.3,56,62.3,32,85.6,1.17,7.4,112,1,61,1
FL-1962,Rigid Truck,156073,271,27.7,63.4,28.7,92.6,106.2,3.09,8.1,99,1,70,1
FL-1963,Utility Pickup,177167,117,34.2,33.4,67.3,85.7,103.1,3.04,5.1,73,1,70,1
FL-1964,Heavy Truck,219247,449,22.3,87.8,57.9,94.4,105.8,3.53,10.6,94,1,64,1
FL-1965,Heavy Truck,399117,272,66.2,57.1,88,53.6,92.8,1.84,7.5,4,1,59,0
FL-1966,Rigid Truck,189603,333,79,56.6,30.5,44,88.5,1.41,7.5,26,0,36,0
FL-1967,Rigid Truck,167407,291,23.2,28.4,57.7,77.6,108,3.49,4.8,155,1,76,1
FL-1968,Mini Truck,414480,197,45,74.1,52.6,34.9,98.5,2.62,9.5,50,1,70,1
FL-1969,Utility Pickup,125996,286,90.4,39.3,79.9,91.1,84.2,1.05,5.8,94,1,51,0
FL-1970,Mini Truck,426505,246,39.8,98.5,33.9,79.4,102.5,2.68,12,107,1,64,0
FL-1971,Heavy Truck,93825,320,91.2,83.1,70.5,41,83.6,1.14,10.2,15,0,18,0
FL-1972,Heavy Truck,175476,330,80.1,97.7,38,78.1,87.6,1.42,11.7,106,1,44,1
FL-1973,Utility Pickup,51977,432,27.2,25.5,81.1,94.1,106.4,3.21,4.4,110,1,70,1
FL-1974,Mini Truck,188270,86,63.1,82.4,40.7,32.7,93,1.99,10.3,12,1,59,0
FL-1975,Heavy Truck,267333,381,57.9,84.9,28.2,65.6,95.3,2.23,10.6,102,1,58,1
FL-1976,Mini Truck,41591,420,73.4,47,50.1,54.2,91,1.6,6.5,118,1,59,1
FL-1977,Utility Pickup,419248,214,74.8,88.2,91,83.4,88.9,1.54,10.7,161,1,45,1
FL-1978,Utility Pickup,390786,157,83.2,28.2,94.4,55.1,86.1,1.29,4.7,68,0,35,0
FL-1979,Heavy Truck,40860,214,81.6,24.2,56.3,93,88.5,1.4,4.4,149,1,56,1
FL-1980,Utility Pickup,338066,426,21.7,98.2,53.1,93,107,3.57,11.7,85,0,40,0
FL-1981,Light Truck,112671,233,46.4,95.2,57.5,64.7,100.3,2.45,11.6,100,1,54,0
FL-1982,Utility Pickup,44776,306,63.1,25.7,51.6,85.5,93.3,1.91,4.3,37,1,64,0
FL-1983,Utility Pickup,333643,115,41.3,97.2,74.5,65.7,101.3,2.65,11.8,49,1,56,1
FL-1984,Light Truck,556847,324,61.2,47.8,53.2,73.1,95.2,1.92,6.7,77,0,46,0
FL-1985,Rigid Truck,452753,125,74.5,72.6,67.4,48.3,90.2,1.62,9.2,18,1,56,1
FL-1986,Light Truck,480994,387,70,31.6,70.2,65.5,92.3,1.68,5.2,92,1,67,1
FL-1987,Rigid Truck,332694,332,30.1,59.2,46.9,89.3,103.2,3.26,7.9,75,0,46,0
FL-1988,Mini Truck,421979,228,33.5,79.1,81.1,31,104.7,3.17,10,63,1,67,1
FL-1989,Light Truck,211559,273,81.3,93.5,45.9,79.6,87.3,1.45,11.3,133,1,46,0
FL-1990,Rigid Truck,191234,123,49.5,73.1,60.6,52.5,97.7,2.4,9.3,61,0,36,1
FL-1991,Rigid Truck,403115,194,26.3,63.5,64.6,40.3,104.7,3.37,8.3,114,1,73,1
FL-1992,Rigid Truck,360348,453,30.1,75.5,65.9,33.4,104.6,3.26,9.7,113,1,68,0
FL-1993,Mini Truck,371996,405,29,62.3,30.4,74.2,105.2,3.04,8.3,129,1,77,1
FL-1994,Utility Pickup,65580,397,74.9,86.4,33.7,38.5,90.1,1.71,10.8,86,0,28,0
FL-1995,Mini Truck,335305,123,67.6,25,64.4,49.2,93.5,1.76,4.4,167,1,71,1
FL-1996,Utility Pickup,421529,342,87.5,21.3,29.7,74,87.3,1.16,4,64,0,46,0
FL-1997,Heavy Truck,49567,401,82.2,83.5,87.3,49.7,87.3,1.29,10.1,35,1,42,0
FL-1998,Heavy Truck,515513,386,75,94.2,32.7,38.8,88.7,1.43,11.5,155,1,57,1
FL-1999,Mini Truck,44570,430,37,74.8,52.7,97.1,102,2.9,9.4,131,1,59,1
FL-2000,Heavy Truck,432647,171,18.8,76,87.5,42.3,109.3,3.59,9.6,127,1,71,1
FL-2001,Rigid Truck,127775,121,39.7,73.2,94.7,50.5,100.3,2.94,9.5,151,1,57,1
FL-2002,Mini Truck,556521,454,57,59,42.7,74.8,94.3,2.07,7.7,39,0,43,0
FL-2003,Mini Truck,547663,406,87.5,53.6,61.8,70.9,84.6,1.13,7.4,175,1,56,0
FL-2004,Light Truck,548681,373,43.6,95.1,61.9,97.5,101.2,2.57,11.4,96,1,58,1
FL-2005,Rigid Truck,538534,415,74.5,49.2,74.6,71.4,90.7,1.71,6.9,158,1,62,1
FL-2006,Mini Truck,521087,132,44.6,58.1,54.1,61.9,100.1,2.55,7.8,153,1,74,1
FL-2007,Utility Pickup,142502,341,21.6,30.2,85.8,61.3,105.8,3.53,4.9,12,0,51,1
FL-2008,Light Truck,555867,424,47.4,71,54.7,81.2,97.5,2.44,9,110,1,64,1
FL-2009,Heavy Truck,230210,253,19.7,83.4,30.9,72.5,106.9,3.59,10.5,106,1,69,1
FL-2010,Heavy Truck,364885,319,20.3,40.5,78.7,57.5,106.2,3.57,6.1,90,0,54,0
FL-2011,Light Truck,257190,344,44.7,71.1,77.8,65.1,99.7,2.61,9,47,0,37,0
FL-2012,Heavy Truck,537774,217,65,51.9,50.6,54.6,93.7,1.9,7.3,121,1,70,0
FL-2013,Heavy Truck,339136,365,75.3,71.9,66.7,37.4,90.6,1.65,9.1,38,0,31,0
FL-2014,Rigid Truck,285147,319,74.3,56.3,45.6,86.2,90.1,1.46,7.3,93,1,56,0
FL-2015,Mini Truck,269937,84,77.9,95.3,37.5,72.9,89.9,1.51,11.4,10,0,22,0
FL-2016,Rigid Truck,43755,358,59.3,45.4,79.3,98.7,95.6,1.99,6.4,79,1,54,1
FL-2017,Rigid Truck,318421,309,80.1,37.4,52.6,84.9,87.6,1.26,5.6,31,0,38,0
FL-2018,Utility Pickup,87633,271,59.1,68.7,82,37.3,94.3,2.03,8.9,93,1,55,0
FL-2019,Light Truck,284147,153,44.9,95.5,66.9,91.4,100.5,2.64,11.7,111,1,53,0
FL-2020,Heavy Truck,246492,105,66.4,28.4,34.5,82.2,93.9,2.01,4.7,168,1,69,0
FL-2021,Mini Truck,558487,85,35.4,72.6,84.2,32.7,102.8,2.82,9.4,159,1,71,0
FL-2022,Mini Truck,439434,435,41.4,44.5,50.4,43.5,101,2.86,6.2,149,1,77,1
FL-2023,Light Truck,395248,108,25,29.1,75.4,88.8,105.3,3.26,4.9,115,1,78,1
FL-2024,Utility Pickup,538357,323,97.8,80,90.6,53.9,83.2,0.64,10.1,112,1,45,0
FL-2025,Mini Truck,507004,284,64.5,78,40.9,58.8,93.3,2.04,9.8,37,0,39,0
FL-2026,Mini Truck,138512,158,93.6,54.5,86.2,63.8,84,0.9,7.2,136,1,47,0
FL-2027,Mini Truck,72927,159,88.3,72.5,26.3,60.3,84.9,1.25,9.1,143,1,50,0
FL-2028,Light Truck,400603,170,48,98.7,92.9,55.6,99.7,2.59,12.1,37,0,31,0
FL-2029,Heavy Truck,131993,412,67.6,95.6,87.6,84.4,92.2,1.71,11.7,65,0,18,0
FL-2030,Light Truck,315432,432,34.2,39,35.3,76.5,104.3,3.12,5.8,82,0,54,1
FL-2031,Light Truck,328613,118,81.4,57.2,58.2,44.6,87.1,1.38,7.6,115,1,57,1
FL-2032,Heavy Truck,31468,151,67.4,52.4,55.6,67,91.9,1.79,7,156,1,59,0
FL-2033,Rigid Truck,377707,199,96.2,23.7,45,64.8,82.4,0.7,4.3,23,1,63,1
FL-2034,Rigid Truck,184387,127,24.6,51.4,43.3,51,106.4,3.27,7,99,1,76,1
FL-2035,Mini Truck,66599,281,59.3,40.6,92,41.2,93.8,2.01,5.9,76,0,37,1
FL-2036,Heavy Truck,148591,335,87.3,90.8,59.9,48.1,85,1.03,10.9,5,0,21,0
FL-2037,Light Truck,493343,381,78.2,73.1,77,56.5,88.7,1.42,9.1,49,0,32,0
FL-2038,Mini Truck,325314,375,58,98.2,35.5,59.6,96.8,2.26,12,50,0,30,0
FL-2039,Utility Pickup,514225,121,93.4,50.8,87.8,30.1,84.6,1,6.8,90,0,34,0
FL-2040,Utility Pickup,448718,421,54.8,69.4,72.4,56,95.3,2.14,9,24,0,39,0
FL-2041,Heavy Truck,162563,405,72.8,87.8,40.8,31.4,91.4,1.58,10.6,47,0,30,0
FL-2042,Mini Truck,559869,126,91.2,55.8,71.4,32.6,83.9,1.09,7.5,169,1,58,0
FL-2043,Mini Truck,533753,283,65.5,35.6,38.4,42.2,91.8,1.95,5.3,94,1,75,1
FL-2044,Heavy Truck,215879,192,24,74.6,27.7,70.7,104.9,3.33,9.4,118,1,71,1
FL-2045,Rigid Truck,116621,224,65.4,35.9,73.3,38.3,93.1,1.84,5.5,18,1,65,1
FL-2046,Heavy Truck,367755,362,88.4,84.3,67.1,38.8,85.4,1.06,10.5,135,1,47,1
FL-2047,Rigid Truck,447545,452,66.5,67.4,71.7,79.9,92.5,1.95,8.5,45,0,31,0
FL-2048,Rigid Truck,517750,379,21.9,94.8,30.9,32.5,105.7,3.55,11.6,73,0,52,0
FL-2049,Utility Pickup,162213,333,48,81.7,67.8,83.1,98.5,2.45,10.1,44,0,29,0
FL-2050,Heavy Truck,64287,160,34,55.7,46.8,80.4,102.4,3.03,7.4,134,1,66,1
FL-2051,Mini Truck,274668,150,59.2,54.8,36.4,94.3,94.7,2.05,7.3,38,1,65,1
FL-2052,Mini Truck,139341,245,36.2,34.3,49.9,62.2,101.1,2.81,5.3,24,0,49,1
FL-2053,Mini Truck,215792,85,24.3,61.1,67.9,78.8,106.5,3.22,7.9,113,1,68,1
FL-2054,Mini Truck,313878,139,96.9,34,64.8,97.6,82.7,0.79,5.1,156,1,51,0
FL-2055,Rigid Truck,127095,406,85.8,50.4,95.3,37.2,86.9,1.12,6.9,60,0,28,0
FL-2056,Mini Truck,311605,433,67.7,82,38.2,72.4,92.5,1.96,10.2,137,1,57,0
FL-2057,Utility Pickup,242723,178,39.3,98.5,28.4,62.8,101.5,2.84,12,125,1,61,1
FL-2058,Utility Pickup,334831,435,84.9,63.6,54.4,56.1,88.2,1.21,8.3,62,0,30,0
FL-2059,Rigid Truck,309830,331,21.8,44.3,68.4,46.4,107.7,3.33,6.3,116,1,79,1
FL-2060,Mini Truck,218145,82,46.2,55.9,92,91.9,99.2,2.6,7.5,169,1,59,0
FL-2061,Utility Pickup,426454,244,69.6,56.4,60.4,60.7,90.9,1.85,7.5,91,1,63,0
FL-2062,Heavy Truck,36237,93,73.3,60.5,89.6,63.3,89.5,1.62,8.1,66,0,23,0
FL-2063,Utility Pickup,283811,101,62.5,90.4,66.1,82.9,93.9,1.94,10.8,126,1,49,0
FL-2064,Heavy Truck,159401,329,53.3,65.5,77,58.7,96.9,2.2,8.5,101,1,57,0
FL-2065,Rigid Truck,68694,267,88.5,86.2,34.8,63.5,85.9,1.15,10.7,170,1,43,1
FL-2066,Light Truck,365747,338,65,65.3,74.7,72.1,94.7,2.05,8.3,102,1,59,1
FL-2067,Light Truck,310877,168,77.9,63,89.4,75.5,87.6,1.57,8.4,173,1,50,0
FL-2068,Heavy Truck,476461,215,87.2,27.9,71.6,83.3,87.2,1.07,4.7,48,0,36,0
FL-2069,Light Truck,325784,276,89.5,76,63.7,56,84.4,1.01,9.4,106,1,49,0
FL-2070,Rigid Truck,321730,195,43,87.3,33,88.5,100,2.77,10.6,108,1,61,1
FL-2071,Mini Truck,346774,103,18.7,29.9,76,80.3,107.3,3.58,4.8,142,1,78,0
FL-2072,Heavy Truck,215647,364,44.4,60,35.9,70.6,99,2.59,8.1,28,0,45,0
FL-2073,Heavy Truck,247255,402,20.7,88.1,55.9,86.9,107.6,3.44,10.8,158,1,65,1
FL-2074,Light Truck,114244,268,24.4,71.4,93.6,64.4,104.8,3.31,9.1,110,1,60,0
FL-2075,Mini Truck,100892,390,67.9,58.9,75.4,80.9,91.2,1.8,8,16,0,27,0
FL-2076,Mini Truck,248791,148,47.5,72.1,45.1,59.3,99.2,2.55,9.2,81,0,41,0
FL-2077,Heavy Truck,274967,122,81.2,72.1,65.7,82.9,89.4,1.29,9.1,168,1,49,1
FL-2078,Light Truck,551795,101,27.6,31.8,91.1,39,104.9,3.11,4.9,43,0,57,1
FL-2079,Rigid Truck,204203,158,58.9,85.3,89.7,40.1,94.4,2.01,10.3,120,1,51,1
FL-2080,Rigid Truck,208839,81,45.4,76.4,33.5,97.5,98.2,2.49,9.4,133,1,62,0
FL-2081,Mini Truck,242078,393,46.9,92.2,34.2,34.1,99.7,2.61,11.3,65,0,40,0
FL-2082,Light Truck,250879,353,65.3,53.5,94.2,91.7,93,2.01,7.3,174,1,51,1
FL-2083,Heavy Truck,257306,197,83.5,51.5,61,84.9,87,1.33,7.1,153,1,54,1
FL-2084,Heavy Truck,377005,447,86.7,39.2,80,50.9,84.8,1.28,5.7,20,0,34,0
FL-2085,Light Truck,452460,448,20.7,52.8,66.2,96.9,106.3,3.51,7.1,99,1,76,1
FL-2086,Light Truck,438474,356,92.1,53.1,55.9,42.7,85.4,1.12,7.2,112,1,58,0
FL-2087,Rigid Truck,103061,330,52.2,22.2,29.6,38.5,97.7,2.45,3.9,102,1,77,1
FL-2088,Utility Pickup,291496,246,71.8,59.7,66,80.4,91.9,1.63,7.8,157,1,55,0
FL-2089,Heavy Truck,358292,349,32.9,28.7,41.9,69.1,102.7,2.94,4.7,122,1,81,1
FL-2090,Rigid Truck,404062,197,47.3,78.5,49,38.9,98.4,2.41,9.8,59,0,42,0
FL-2091,Heavy Truck,26139,232,44.5,88.9,82.7,86.8,101.1,2.54,10.8,136,1,49,0
FL-2092,Mini Truck,152385,351,94.9,30.4,95,69.5,84.8,0.92,5,51,0,28,0
FL-2093,Light Truck,399099,400,56.1,51.3,52.3,47.3,95.6,2.24,6.9,62,0,45,0
FL-2094,Mini Truck,508982,175,18.8,45.9,43.8,94.2,108.9,3.52,6.6,120,1,80,1
FL-2095,Heavy Truck,94433,426,77.3,76,57.4,80.9,89.6,1.56,9.5,96,1,47,0
FL-2096,Light Truck,407998,212,45,31.7,38.5,98.8,99.2,2.76,5,11,0,52,0
FL-2097,Heavy Truck,121228,193,51.2,48.1,74.9,62.5,96.2,2.28,6.6,26,0,37,0
FL-2098,Rigid Truck,231058,244,56,21.9,74.9,54.1,95,2.26,3.8,124,1,71,1
FL-2099,Utility Pickup,505168,441,20.2,25.8,81.8,51.2,107.5,3.56,4.4,65,0,62,1
FL-2100,Utility Pickup,315100,289,82.5,67.5,95.9,33.3,87.4,1.29,8.7,125,1,50,0
FL-2101,Rigid Truck,298056,191,60.5,73,60.3,77.3,93.2,2.01,9.2,103,1,58,0
FL-2102,Mini Truck,132863,183,61.9,98.8,30.7,75.9,94.7,2.11,11.7,72,0,26,0
FL-2103,Light Truck,155078,160,70,23.1,29.6,77.9,92.1,1.89,4.2,136,1,68,1
FL-2104,Utility Pickup,466480,216,45.4,42.7,63.1,61,98.1,2.68,6.2,153,1,72,1
FL-2105,Mini Truck,534538,396,61.1,88.6,36.5,85.4,94.9,1.97,10.7,164,1,61,1
FL-2106,Light Truck,390606,375,37.4,97.2,38.2,90.6,102.3,2.94,11.7,169,1,60,1
FL-2107,Mini Truck,537948,457,62.2,70.7,65.9,30.1,95.4,1.99,9.2,139,1,66,0
FL-2108,Light Truck,305768,110,31.7,25.4,73.9,78.5,103.7,3.04,4.5,135,1,76,1
FL-2109,Mini Truck,168088,158,27.2,34.6,77.4,39.5,104.7,3.16,5.4,155,1,76,1
FL-2110,Mini Truck,245464,453,42.7,73.1,92,66.9,98.9,2.83,9.4,96,1,59,1
FL-2111,Heavy Truck,524810,328,41.8,32.5,65.3,67.9,99.2,2.77,5.2,68,1,79,1
FL-2112,Heavy Truck,311626,411,90,59.3,82.3,40.9,85.2,0.98,8,21,0,29,0
FL-2113,Utility Pickup,508829,330,96.3,37.4,72.2,33.5,83.4,0.88,5.7,44,0,37,0
FL-2114,Light Truck,134358,319,20.8,78.2,57.7,83.8,106,3.39,9.9,172,1,65,1
FL-2115,Mini Truck,473133,106,40.7,85.5,40.2,72.2,100.8,2.75,10.4,54,0,41,1
FL-2116,Heavy Truck,288810,366,37.8,42.3,66.7,30.9,101.7,2.79,6,4,0,52,0
FL-2117,Heavy Truck,417477,298,30.8,95.3,63.8,39.2,104.8,3.2,11.4,148,1,64,1
FL-2118,Utility Pickup,400536,230,58.5,48,81.7,54.9,96,2.17,6.8,45,0,41,0
FL-2119,Utility Pickup,174057,167,63.7,51.1,44.9,58.4,94.7,2.05,7.1,110,1,65,1
FL-2120,Light Truck,117053,234,39.9,41.7,71.2,76.5,101.3,2.79,6.1,138,1,68,1
FL-2121,Rigid Truck,439337,248,18.3,97.1,67.9,90.4,107.4,3.63,11.9,155,1,62,0
FL-2122,Light Truck,516824,369,38.7,55.8,68.9,50.7,100.1,2.85,7.3,8,0,50,1
FL-2123,Utility Pickup,506191,403,38.4,85.3,52.8,57.4,102.1,2.98,10.6,71,0,44,0
FL-2124,Utility Pickup,171585,301,43.7,49.2,81.4,80,99.6,2.59,6.8,160,1,62,0
FL-2125,Utility Pickup,479523,413,34.2,45,52.2,75.5,104.4,2.92,6.4,85,0,51,0
FL-2126,Heavy Truck,283946,105,58.5,98.8,27,47,96.1,2.28,11.9,83,1,58,0
FL-2127,Light Truck,482430,440,61.8,77.9,70.5,95.2,94.6,2,9.8,14,0,31,0
FL-2128,Utility Pickup,43345,332,67,89.8,48.1,81.8,93.5,1.8,11,99,1,48,0
FL-2129,Light Truck,60659,306,64.1,39.1,58.2,74.7,92.1,1.97,5.7,71,0,38,0
FL-2130,Rigid Truck,542264,121,85.9,94.3,83.9,46.4,85.5,1.08,11.4,61,0,24,0
FL-2131,Light Truck,484180,344,81.8,54.9,82.6,96.2,87.9,1.47,7.6,143,1,52,1
FL-2132,Heavy Truck,235071,428,80.9,61.3,68.6,74,88.5,1.42,8,172,1,52,1
FL-2133,Light Truck,458092,81,54.3,43.3,39.2,49.2,95.9,2.32,6.2,102,1,75,1
FL-2134,Mini Truck,440732,285,45.4,44.3,60.7,69.1,100.3,2.53,6.5,123,1,70,1
FL-2135,Heavy Truck,225280,365,43.4,68.4,89.6,84.5,101.5,2.64,9,70,0,34,0
FL-2136,Light Truck,461617,293,45.2,78,68,93.4,100.5,2.62,9.7,73,0,35,0
FL-2137,Rigid Truck,175905,335,42.2,49.1,81.3,61.2,101,2.81,6.8,120,1,67,1
FL-2138,Rigid Truck,36716,449,85,23.6,64.9,97.9,86.8,1.31,4.3,7,0,31,1
FL-2139,Rigid Truck,499855,301,31.4,72.4,50.4,35.4,104.2,3.07,9.1,67,1,76,0
FL-2140,Rigid Truck,446029,335,44.1,25.6,32.8,56.8,99.9,2.74,4.5,24,0,60,1
FL-2141,Heavy Truck,430220,128,63.7,35.6,47.7,55.9,94.8,2.03,5.4,64,0,46,0
FL-2142,Light Truck,351137,178,64.5,81.6,72.7,67.8,93.4,1.82,10.1,106,1,52,1
FL-2143,Heavy Truck,144840,126,79.6,77.5,60.1,94.4,87.1,1.29,9.6,20,1,43,0
FL-2144,Mini Truck,26998,390,54.8,86.3,32.6,34.1,96.5,2.26,10.5,4,0,36,0
FL-2145,Light Truck,297534,92,34,33.2,39.1,40.2,103.4,3.15,5.4,101,1,83,1
FL-2146,Heavy Truck,190762,358,64.4,90.8,79,58,94.2,1.97,11.2,57,0,25,0
FL-2147,Utility Pickup,504521,302,47.9,88.2,61.8,79.2,97.8,2.6,10.6,26,0,35,0
FL-2148,Light Truck,110833,306,20.3,40.1,66,70.3,107.2,3.44,5.9,49,0,49,0
FL-2149,Light Truck,245483,450,97.3,75.5,85.1,66.5,82.3,0.71,9.5,100,1,40,0
FL-2150,Mini Truck,108171,375,91.2,59.6,92.8,96.4,86.1,0.91,7.9,165,1,40,0
FL-2151,Heavy Truck,234490,399,61.8,35.2,53.6,89.4,94.2,2.18,5.5,69,0,41,0
FL-2152,Mini Truck,339107,111,19.4,80.2,83.4,83.1,108.1,3.58,10,135,1,63,1
FL-2153,Rigid Truck,176537,350,20.2,87.2,30,59.2,108.8,3.46,10.7,111,1,69,1
FL-2154,Heavy Truck,279666,346,97.9,35.1,60.8,36.7,81.9,0.69,5.3,95,1,59,0
FL-2155,Utility Pickup,235206,383,40.5,52.2,31.6,93.3,101,2.92,7,172,1,70,1
FL-2156,Light Truck,390123,97,56.4,98.9,45.3,89.7,96.1,2.31,11.9,113,1,53,0
FL-2157,Utility Pickup,193135,192,87.7,94.4,34.7,75.8,85.3,1.01,11.5,116,1,43,0
FL-2158,Mini Truck,527760,89,26.4,74,46.9,74.5,106.1,3.24,9.5,67,0,47,0
FL-2159,Mini Truck,474987,391,54.7,39.8,59.4,60.5,96.6,2.26,6,100,1,70,1
FL-2160,Rigid Truck,395567,441,23.6,31.3,72.7,32.4,106,3.51,5,56,1,82,1
FL-2161,Utility Pickup,369762,341,20,59.1,84.2,92.2,106.1,3.46,7.7,102,1,69,1
FL-2162,Heavy Truck,186195,91,20.5,85.8,66.9,89.8,106.8,3.33,10.6,163,1,62,1
FL-2163,Heavy Truck,390683,445,30,39.5,31.7,33.1,104,3.3,5.8,63,0,61,0
FL-2164,Heavy Truck,541620,280,84.5,70.9,32.3,56.7,86.5,1.29,9.1,77,0,37,0
FL-2165,Light Truck,310197,405,33.9,97.7,62.3,37.3,101.7,2.98,11.7,152,1,61,0
FL-2166,Mini Truck,525872,416,49.6,96.1,79.6,47.7,96.8,2.59,11.5,12,0,34,0
FL-2167,Heavy Truck,325962,216,35,30.3,45.6,72.6,101.9,2.98,4.8,34,0,55,1
FL-2168,Light Truck,30543,295,95.5,26.2,35.3,55.2,83.3,0.85,4.3,22,0,37,0
FL-2169,Mini Truck,418882,434,45.3,85.8,81.8,56,100.5,2.62,10.5,120,1,57,0
FL-2170,Rigid Truck,247255,246,96.7,67.5,46.3,57,81.9,0.96,8.6,27,0,27,0
FL-2171,Rigid Truck,198816,238,55.8,47.3,81.2,60.9,97.5,2.25,6.5,101,1,61,1
FL-2172,Mini Truck,186097,334,22.8,68.3,42.5,79.6,106.3,3.5,8.8,35,0,46,0
FL-2173,Mini Truck,154810,270,91.6,21,48,59,84.9,1,4.1,143,1,61,0
FL-2174,Utility Pickup,329430,328,81.4,78.2,77.1,74,88.4,1.22,9.6,26,0,24,0
FL-2175,Utility Pickup,322403,189,21,32.9,56.6,98.1,106.2,3.59,5,84,0,53,0
FL-2176,Utility Pickup,405633,396,79.9,77.4,90.6,92.5,89.4,1.54,9.7,9,0,23,0
FL-2177,Rigid Truck,31665,342,72.9,52.4,27.5,88.3,91.6,1.67,7.3,125,1,57,1
FL-2178,Heavy Truck,110331,423,68.7,28.7,50.5,35.3,93.4,1.88,4.9,105,1,69,0
FL-2179,Light Truck,23629,283,97.6,77.4,73.7,73.7,82.3,0.82,9.7,61,0,14,0
FL-2180,Rigid Truck,134045,407,91,37.1,28.8,83.3,84.4,0.89,5.5,136,1,55,0
FL-2181,Utility Pickup,508773,315,73.3,82.4,56.3,59.2,91.1,1.56,10.1,163,1,55,1
FL-2182,Heavy Truck,551420,324,66.8,78.5,54.9,64.2,91.7,1.89,10,8,1,60,0
FL-2183,Utility Pickup,413048,303,75.8,67.9,55.9,77.6,90,1.64,8.7,107,1,54,0
FL-2184,Mini Truck,187707,87,36.1,92.2,88.9,96.8,101,2.94,11,118,1,53,0
FL-2185,Rigid Truck,33214,146,37.1,74,77.5,46,103.6,2.85,9.3,66,0,35,0
FL-2186,Light Truck,312169,94,79.7,83.6,68.7,45.4,87.6,1.47,10.3,103,1,52,0
FL-2187,Utility Pickup,304027,88,65.3,94.7,64.1,39.9,94,2.05,11.4,130,1,52,0
FL-2188,Utility Pickup,152012,401,95.6,51.5,76.7,89.9,82,0.95,7.1,10,1,46,0
FL-2189,Light Truck,304621,244,58.6,96.3,65.4,53.1,95.1,2.28,11.8,115,1,51,0
FL-2190,Rigid Truck,49855,168,76.9,94.9,35.1,51.3,90.9,1.46,11.6,19,0,23,0
FL-2191,Light Truck,545746,234,60.4,79.3,83.4,39.8,94.4,2.13,9.7,145,1,59,0
FL-2192,Light Truck,175155,111,87.9,73.4,42.3,48.3,85.4,1.27,9.2,130,1,51,1
FL-2193,Utility Pickup,113884,250,44.5,97.4,66,44.6,100.6,2.66,11.6,92,1,53,0
FL-2194,Heavy Truck,335061,395,46.6,70.9,47.9,55.2,97.8,2.48,9.1,24,0,42,0
FL-2195,Light Truck,23012,419,42.2,75.6,83.3,97.3,100.1,2.71,9.5,3,0,29,0
FL-2196,Rigid Truck,152488,192,91,83.1,51.7,55.6,83.5,0.91,10.3,131,1,44,0
FL-2197,Mini Truck,102865,277,62,78,87.7,70.7,92.9,2,9.6,86,0,22,0
FL-2198,Utility Pickup,331087,264,84.3,24.3,54.5,34.8,86.1,1.4,4.2,67,0,44,0
FL-2199,Mini Truck,337086,338,90.4,52.1,70.5,61.6,84,1.16,7.1,76,0,27,0
FL-2200,Mini Truck,427434,273,42.7,83.4,74.4,37.9,99.8,2.66,10.2,99,1,62,1
FL-2201,Rigid Truck,409058,446,81.2,96.2,81.4,73.1,87.1,1.29,11.6,12,0,19,0
FL-2202,Utility Pickup,348451,438,20.4,34.8,66.1,31.2,106.1,3.6,5.3,88,1,82,1
FL-2203,Utility Pickup,105422,217,65.7,91.2,42.1,76.7,93,2.02,11.2,132,1,50,0
FL-2204,Mini Truck,129786,148,54.2,91.9,56.1,33.1,95.9,2.28,11.1,42,0,30,0
FL-2205,Heavy Truck,32565,312,20.1,41.5,40.8,48.4,106.5,3.47,6.2,68,0,55,0
FL-2206,Utility Pickup,253317,93,47.9,39.9,27.6,48.9,100,2.65,6,64,0,52,0
FL-2207,Utility Pickup,356430,249,44.5,27.7,71.6,84,99.6,2.64,4.5,78,1,73,1
FL-2208,Utility Pickup,255724,118,21.9,93.3,93.4,75.6,106.2,3.36,11.3,5,0,33,0
FL-2209,Heavy Truck,385008,390,49.5,94.9,66.7,33.5,99.2,2.44,11.4,7,0,34,0
FL-2210,Mini Truck,399609,315,38.4,47.3,79.8,49.1,101.3,2.74,6.6,3,0,48,0
FL-2211,Mini Truck,464518,398,50.8,33.6,87.3,43.9,96.8,2.4,5.3,158,1,74,1
FL-2212,Utility Pickup,122626,444,90.1,38.1,26.7,63.8,84.3,1.19,5.8,134,1,61,1
FL-2213,Rigid Truck,380693,402,45.3,78.9,82.1,60.7,100.9,2.49,9.9,99,1,59,0
FL-2214,Mini Truck,498385,452,20.7,24.4,28.3,46.4,107.9,3.53,4.2,15,0,67,1
FL-2215,Utility Pickup,354960,387,75.2,42.8,38.4,58,90.8,1.56,6,65,0,40,0
FL-2216,Mini Truck,547920,430,77.8,68.4,94.2,32.4,90.1,1.44,8.9,27,0,31,0
FL-2217,Mini Truck,252316,333,63,86.2,54.6,90.2,92.5,2.04,10.6,113,1,50,0
FL-2218,Heavy Truck,98858,230,83.7,72,77.3,73.3,88.3,1.4,9.2,74,0,18,0
FL-2219,Heavy Truck,335965,160,29.6,33.8,40.4,58.1,105.9,3.11,5.4,94,1,82,1
FL-2220,Light Truck,75260,224,30.2,72.3,53.1,78.5,105.5,3.21,9.1,75,0,39,0
FL-2221,Rigid Truck,396206,154,57.8,44.7,73.5,74.2,95.1,2.32,6.4,106,1,64,1
FL-2222,Light Truck,102642,458,83.9,98.3,63.5,61.5,87.8,1.39,11.7,132,1,39,0
FL-2223,Light Truck,509223,453,26.7,75.2,57.9,33.2,105.4,3.35,9.4,97,1,76,1
FL-2224,Rigid Truck,360844,436,21.1,46.1,70.3,51.5,106.5,3.5,6.4,58,1,77,1
FL-2225,Utility Pickup,157972,430,24.6,62.3,63.3,69.4,106.3,3.44,8.2,31,0,45,0
FL-2226,Heavy Truck,62495,312,44.8,44,67.3,38.4,100.8,2.49,6.2,33,0,45,0
FL-2227,Heavy Truck,211446,386,78.2,98.1,85.4,36.8,88.6,1.5,11.8,148,1,45,0
FL-2228,Rigid Truck,254573,450,47.2,67.9,40.8,45.8,100.3,2.6,8.7,11,1,67,1
FL-2229,Heavy Truck,535178,306,40.8,57.5,80.7,37.9,99.6,2.86,7.8,73,0,48,0
FL-2230,Rigid Truck,152294,422,84.3,25.2,40.6,45.6,87.4,1.14,4.2,115,1,64,1
FL-2231,Light Truck,231346,410,24.9,24.3,66.3,56,106.9,3.38,4.2,70,0,56,1
FL-2232,Heavy Truck,398059,284,43.7,83.2,89,38.1,98.9,2.62,10.5,84,0,35,0
FL-2233,Rigid Truck,317305,318,70.1,43.9,63.2,96.4,90.6,1.88,6.1,21,0,34,0
FL-2234,Light Truck,398077,307,66.7,51.6,48.5,65.8,91.9,1.73,7.3,24,0,40,0
FL-2235,Heavy Truck,415899,392,61.7,76.1,88.7,56.4,94.2,2.06,9.4,136,1,54,1
FL-2236,Mini Truck,487234,271,42.3,54.5,72,58.8,101.6,2.58,7.2,120,1,71,0
FL-2237,Light Truck,159884,276,82.4,83.7,35.7,64.6,88.5,1.21,10.2,172,1,50,0
FL-2238,Heavy Truck,407822,398,52.9,82.7,60.6,50.3,97.9,2.45,10.4,108,1,61,0
FL-2239,Heavy Truck,397050,409,61,34.5,73.6,66.1,95.3,2.2,5.3,86,0,45,0
FL-2240,Utility Pickup,502103,198,83.2,67.1,85.3,56.4,87.2,1.32,8.7,69,0,27,0
FL-2241,Utility Pickup,339816,350,94.5,98.2,33.1,55.2,84.1,0.84,11.6,95,1,46,0
FL-2242,Rigid Truck,442399,339,41.1,62.8,36,60.6,99.5,2.79,8,61,0,48,1
FL-2243,Utility Pickup,229794,170,61.1,58.1,67.8,42.1,93.9,2.09,7.7,40,0,37,0
FL-2244,Utility Pickup,137926,316,87.1,30.9,71,69,86.2,1.03,4.9,148,1,56,0
FL-2245,Rigid Truck,144449,216,21.1,28.2,76.3,64.6,106.4,3.45,4.6,142,1,79,1
FL-2246,Mini Truck,200900,315,48.3,53.8,39,39.4,99.6,2.58,7.4,16,0,46,0
FL-2247,Rigid Truck,119506,203,77.8,84.3,84.6,48,90.1,1.57,10.5,90,0,22,0
FL-2248,Mini Truck,282561,297,50.8,85,26.9,84.7,98,2.29,10.3,102,1,58,0
FL-2249,Rigid Truck,322267,152,36.9,63.2,66.5,37.1,102.4,2.97,8.3,11,0,45,0
FL-2250,Heavy Truck,307111,216,84.5,29.3,88.2,52.4,88.1,1.37,4.9,69,0,33,0
FL-2251,Mini Truck,548364,229,30.7,79.1,41.4,79.8,103.9,3.12,10,152,1,71,0
FL-2252,Utility Pickup,480400,107,23.6,52.1,90.7,65.6,106.7,3.39,7.2,126,1,75,1
FL-2253,Utility Pickup,212673,274,72.5,81.4,65.3,54.3,90,1.66,10.2,65,0,27,0
FL-2254,Light Truck,328359,364,55.8,67.2,54.8,98.2,97.5,2.38,8.5,3,0,33,0
FL-2255,Mini Truck,137353,355,32,48.1,34.7,91.6,104.2,3.21,6.7,17,0,47,0
FL-2256,Utility Pickup,526725,89,76.8,82.8,70,82.7,90.5,1.64,10.4,27,0,26,0
FL-2257,Heavy Truck,132040,199,82.1,31.5,34.2,81.3,88.4,1.32,5,49,0,36,0
FL-2258,Light Truck,354706,110,75.8,59,70.4,93.6,88.9,1.61,8,117,1,54,0
FL-2259,Utility Pickup,362268,178,61.5,62.1,87.2,55.9,94,1.96,8.3,122,1,59,0
FL-2260,Heavy Truck,530325,446,56.1,65.9,70.4,74.7,96.4,2.36,8.7,121,1,61,0
FL-2261,Utility Pickup,444462,85,67.6,49.7,68.5,59.9,93.2,1.89,6.8,129,1,64,0
FL-2262,Light Truck,48326,143,71.5,27.1,92.3,47,91.9,1.56,4.6,49,0,34,0
FL-2263,Heavy Truck,258218,357,65.3,76.9,59.6,68.4,94.3,1.79,9.8,25,0,32,0
FL-2264,Heavy Truck,282298,183,93.7,67.4,48.7,32.2,84.4,1.01,8.8,151,1,54,0
FL-2265,Heavy Truck,477134,404,88.6,54,33.6,49.9,86.1,1.02,7.4,146,1,62,1
FL-2266,Utility Pickup,481907,218,42.4,30,32,96.5,101.4,2.69,4.9,137,1,77,1
FL-2267,Utility Pickup,169952,162,71,63.3,28.3,45.8,89.9,1.6,8.1,169,1,60,1
FL-2268,Light Truck,28054,131,83.2,89.3,64.1,41.7,87.8,1.17,10.9,82,0,18,0
FL-2269,Heavy Truck,196825,333,48,42.7,95.4,66.8,97.8,2.39,6.2,144,1,64,1
FL-2270,Mini Truck,365606,282,36.5,69.5,80.1,52.9,102,2.85,8.8,61,0,40,0
FL-2271,Utility Pickup,550674,126,80.1,75.9,56.1,33.8,87.5,1.44,9.7,103,1,60,0
FL-2272,Utility Pickup,62567,178,62,29.6,38.8,40.2,94.6,1.96,4.7,120,1,70,0
FL-2273,Mini Truck,323869,166,40.6,93.5,32,48.1,101.6,2.82,11.2,153,1,65,1
FL-2274,Light Truck,356715,330,73,27.8,59.2,37.6,89.6,1.73,4.6,94,1,68,1
FL-2275,Heavy Truck,244161,160,58.8,46.4,51.1,41.3,94.1,2.1,6.7,151,1,68,1
FL-2276,Rigid Truck,241458,419,25,58.9,36.6,78.5,106.6,3.29,7.7,52,0,50,0
FL-2277,Rigid Truck,501741,401,29.6,58.2,84.2,69.3,103,3.08,7.8,61,0,47,0
FL-2278,Heavy Truck,310907,383,29.6,22.9,52.6,31.6,103.8,3.27,4.2,170,1,85,1
FL-2279,Light Truck,387428,82,31.4,21.4,64.5,44.8,104.4,3.24,3.8,58,1,85,1
FL-2280,Utility Pickup,58325,298,49.5,95.3,52,77.4,98.8,2.49,11.6,134,1,52,0
FL-2281,Mini Truck,516801,405,23.6,28.5,38.9,86.1,106.7,3.37,4.5,34,0,60,0
FL-2282,Utility Pickup,78652,311,21.6,28.1,89.9,41,107,3.34,4.8,40,0,51,0
FL-2283,Light Truck,463911,279,22.3,42.1,43.3,45.2,106.5,3.28,6,142,1,83,1
FL-2284,Light Truck,367618,301,60.9,96.5,76,79.9,95.1,2.2,11.5,92,1,48,1
FL-2285,Light Truck,433969,154,77.4,30.4,68.3,96.1,88.7,1.55,4.8,43,0,36,0
FL-2286,Utility Pickup,53966,433,43.2,20.2,35.1,68.9,101.3,2.63,3.7,45,1,75,1
FL-2287,Heavy Truck,225173,315,94.5,47.5,89.5,80,84.1,0.92,6.7,78,0,23,0
FL-2288,Light Truck,235822,392,23.9,74.2,80.6,59.1,107.8,3.5,9.3,82,0,42,0
FL-2289,Mini Truck,155885,181,21.6,63.8,57,33.8,106.6,3.34,8.4,68,0,49,0
FL-2290,Heavy Truck,297403,304,39.6,85.7,84.8,92,101.4,2.73,10.4,136,1,56,1
FL-2291,Rigid Truck,260934,155,42.8,63.1,91.6,98.8,99.7,2.56,8.2,27,0,34,0
FL-2292,Mini Truck,63562,354,70.7,54.5,26.6,34.2,90.1,1.59,7.5,115,1,63,1
FL-2293,Utility Pickup,34981,376,83.9,27.2,33,75.1,87.1,1.22,4.7,93,1,61,1
FL-2294,Heavy Truck,207144,223,28.3,33.7,79.3,90.4,103.8,3.36,5.2,49,0,48,1
FL-2295,Rigid Truck,144299,371,68.4,76,60.1,83.8,92.1,1.71,9.4,38,0,24,0
FL-2296,Utility Pickup,518442,215,41.7,39.2,33.9,44.2,99.4,2.79,6,163,1,80,1
FL-2297,Rigid Truck,353795,92,66,23.7,88.1,95.6,92,1.87,4.4,172,1,61,1
FL-2298,Mini Truck,309465,332,90.1,53.8,43,64.7,86.4,0.9,7.3,100,1,57,1
FL-2299,Utility Pickup,482984,183,96.3,79.6,92.5,54.6,82.6,0.79,9.9,55,0,21,0
FL-2300,Heavy Truck,275683,382,80.7,91.8,82.4,44.6,88.2,1.3,11.1,105,1,45,0
FL-2301,Light Truck,521304,281,86.3,38.8,82.7,69.5,87.1,1.21,5.8,4,0,33,0
FL-2302,Heavy Truck,260435,377,91.1,42.4,85.4,71.7,84.8,1.13,6.2,156,1,51,0
FL-2303,Mini Truck,100717,402,49.8,60.1,54.5,88,98.1,2.42,8.1,173,1,59,0
FL-2304,Heavy Truck,547675,320,58,61.3,93.4,50.4,96.8,2.29,8,111,1,62,1
FL-2305,Rigid Truck,229268,427,70.2,58.5,68.4,43.5,91.5,1.64,7.8,12,0,34,0
FL-2306,Utility Pickup,235551,303,31.9,85.5,56.8,39.6,104.5,3.06,10.4,110,1,64,1
FL-2307,Rigid Truck,161103,147,45.7,46.4,72.9,73.1,100.6,2.64,6.6,144,1,63,0
FL-2308,Heavy Truck,411013,382,47.6,28.2,89.3,57,98.1,2.45,4.7,39,0,49,1
FL-2309,Light Truck,91446,277,89.1,72.4,45.8,81,84.8,0.94,9.2,95,1,47,0
FL-2310,Heavy Truck,353378,378,53.2,77.2,30.8,95.6,96.7,2.3,9.7,96,1,62,0
FL-2311,Light Truck,405430,209,95,31.3,75.7,71.5,85,0.89,4.9,132,1,56,0
FL-2312,Mini Truck,400589,252,32.4,31.1,50.2,39.1,104.3,3.09,5,23,0,61,0
FL-2313,Light Truck,557265,172,80.1,47.9,79.7,55.3,87.3,1.54,6.6,74,0,37,0
FL-2314,Rigid Truck,230282,388,88.7,86.1,66.4,52.4,84.4,1.24,10.6,4,0,22,0
FL-2315,Light Truck,237274,349,95.8,90.5,28.9,43.1,83.9,0.81,11.1,82,0,24,0
FL-2316,Heavy Truck,397020,109,95.3,43.6,51.1,71.7,82.3,0.87,6.3,46,0,34,0
FL-2317,Rigid Truck,268633,240,47,90.1,90.5,40.5,97.5,2.64,11.2,68,0,30,0
FL-2318,Heavy Truck,411879,211,62.8,60.7,76,52.9,95,2.01,8.2,147,1,61,1
FL-2319,Light Truck,98452,402,91.5,82,32.8,45.6,84.1,0.94,10.3,37,0,23,0
FL-2320,Heavy Truck,113878,331,64.7,67.1,42.6,33.5,92,2.05,8.5,134,1,59,0
FL-2321,Utility Pickup,269928,367,56.8,96,46.4,97.2,94.6,2.14,11.7,48,0,26,0
FL-2322,Rigid Truck,103377,426,77.3,44.3,48.4,36,89.4,1.53,6.4,22,0,37,0
FL-2323,Light Truck,361079,378,27.3,54.8,51.4,44.5,105.3,3.25,7.5,43,0,52,1
FL-2324,Light Truck,299673,102,45.5,87.2,36.3,55.7,100.3,2.64,10.5,16,0,38,0
FL-2325,Mini Truck,99304,167,27.2,24.5,33,81.9,105.9,3.1,4.2,161,1,80,1
FL-2326,Heavy Truck,75909,274,70.9,99,46.4,96.4,92.3,1.68,12,108,1,41,0
FL-2327,Utility Pickup,168088,326,59.1,98.2,49.4,81.8,95.7,2.08,11.7,152,1,51,1
FL-2328,Rigid Truck,252341,352,48.4,48.8,62.9,48.3,98.4,2.44,6.7,173,1,68,1
FL-2329,Heavy Truck,62187,408,68.7,46.1,55.2,44.2,91.7,1.78,6.6,136,1,59,1
FL-2330,Rigid Truck,495601,104,82.3,62.8,43.6,57.1,87.5,1.3,8.3,40,0,34,0
FL-2331,Utility Pickup,254806,183,71.1,30,38.3,83.2,90.5,1.68,4.9,76,1,66,1
FL-2332,Mini Truck,548810,317,20,38.8,79.8,67.5,106.6,3.62,5.9,142,1,80,1
FL-2333,Mini Truck,68499,230,96.4,24.5,84.1,70.7,82,0.92,4.2,115,1,52,1
FL-2334,Rigid Truck,359188,167,31.9,42.5,58.5,79.8,103,3.02,6.2,42,0,49,0
FL-2335,Mini Truck,187147,201,68.1,66.7,80,60.9,91.6,1.72,8.7,76,0,29,0
FL-2336,Rigid Truck,434806,382,28.1,41.3,29.5,35.5,104.9,3.34,6,22,0,62,0
FL-2337,Utility Pickup,398435,89,50.1,78.8,93.8,78.2,97.1,2.58,10,44,0,30,0
FL-2338,Light Truck,44982,161,36.9,48.6,42,30.9,101,2.85,6.8,41,0,49,1
FL-2339,Utility Pickup,462853,296,58.6,28.5,34.4,90.1,94.5,2.06,4.5,96,1,73,1
FL-2340,Mini Truck,191327,415,76.3,80.7,43.4,81.9,90.5,1.39,10,142,1,51,0
FL-2341,Mini Truck,137733,87,18.3,56.1,77,68.4,106.7,3.54,7.4,136,1,70,1
FL-2342,Utility Pickup,281402,215,58.2,73.4,25.1,68,96.4,2.31,9.1,60,0,37,0
FL-2343,Heavy Truck,30487,276,73.8,40.9,94.7,67.7,91.4,1.71,5.8,115,1,54,1
FL-2344,Mini Truck,302222,198,86.8,79.2,81.6,52.9,87,1.22,9.8,110,1,44,0
FL-2345,Mini Truck,192792,183,63.7,86.5,77.8,41.3,92.7,2.07,10.6,22,0,27,0
FL-2346,Heavy Truck,350840,232,18.3,33.8,46.7,88.3,107.5,3.61,5.3,96,1,81,1
FL-2347,Mini Truck,534623,97,48.2,62,89,65.6,99,2.45,8.2,102,1,65,1
FL-2348,Utility Pickup,81639,402,36.8,89.3,59,98.3,103.7,2.81,11,108,1,53,1
FL-2349,Heavy Truck,255155,259,61.3,91.5,67.1,67.3,93.9,1.92,11.2,11,1,52,0
FL-2350,Mini Truck,384133,160,63.1,97.8,37.6,53.6,94,2.01,11.9,53,1,57,0
FL-2351,Light Truck,68274,284,94.8,49.9,41.5,97,82.9,0.73,7,37,1,49,0
FL-2352,Heavy Truck,199158,427,58.9,74.6,41.4,50.8,94.6,2.07,9.5,49,0,34,0
FL-2353,Heavy Truck,529622,254,61,39.1,48.2,69.6,93.6,2.01,6,57,0,46,0
FL-2354,Light Truck,260036,417,96.4,56.4,53.8,40.9,83.5,0.83,7.5,152,1,53,0
FL-2355,Heavy Truck,221703,90,41.7,66.4,81.5,65.2,99.4,2.79,8.7,128,1,60,1
FL-2356,Heavy Truck,428479,191,63.2,41.5,66.1,96.6,93.8,1.92,5.9,56,1,61,1
FL-2357,Mini Truck,60295,395,44.2,93,42.4,74.7,99.5,2.8,11.2,164,1,57,0
FL-2358,Rigid Truck,360813,169,44.4,42.5,94.8,88.7,100.8,2.58,6.1,157,1,63,1
FL-2359,Mini Truck,85020,355,53.3,70.8,49.2,52.8,96.9,2.19,8.9,142,1,59,1
FL-2360,Mini Truck,290322,357,55,93.2,50,90,96.1,2.4,11.3,69,1,51,0
FL-2361,Utility Pickup,470967,188,94.3,30,79,93.3,85.3,0.95,4.8,114,1,57,0
FL-2362,Mini Truck,481073,268,21.9,43.5,88.8,55,107.5,3.36,6.1,91,1,78,1
FL-2363,Utility Pickup,500226,306,93.8,59.5,89.7,37.7,83.1,0.81,7.8,49,0,30,0
FL-2364,Rigid Truck,343091,196,91.2,79.2,52,74.5,83.5,1.11,9.8,167,1,48,0
FL-2365,Heavy Truck,135098,211,90.2,46.5,38.6,66.5,83.7,1.07,6.7,125,1,57,1
FL-2366,Rigid Truck,522459,155,91.9,94.2,80.2,98.8,85.7,1.06,11.5,37,0,16,0
FL-2367,Light Truck,20737,247,62.6,87.7,52.4,86.2,94.3,1.92,10.9,53,0,23,0
FL-2368,Utility Pickup,82815,284,70.1,39.5,34.3,84.7,92.4,1.79,5.7,161,1,62,1
FL-2369,Rigid Truck,281313,338,50.6,48.1,40,34.5,98.1,2.45,6.9,47,0,48,1
FL-2370,Light Truck,304313,389,79.7,60.4,53.5,81.3,89.7,1.44,8.1,54,0,29,0
FL-2371,Rigid Truck,533328,135,45.8,45.6,81.7,76.4,99,2.65,6.4,4,0,46,0
FL-2372,Mini Truck,370924,328,28.6,41.8,64.1,41.1,105,3.32,6.1,25,0,55,0
FL-2373,Utility Pickup,312541,299,63.8,35.3,60.7,98.7,92.4,1.97,5.4,156,1,64,1
FL-2374,Utility Pickup,413028,262,89.7,62.5,43.5,61.1,86.7,1.04,8.1,25,0,31,0
FL-2375,Light Truck,174092,340,24.8,81.8,48.3,76,106.9,3.48,10.2,162,1,64,1
FL-2376,Utility Pickup,246672,177,18.8,57.4,63.3,58.7,109.4,3.42,7.5,81,1,75,1
FL-2377,Rigid Truck,531199,235,25.5,28.9,37.2,86.5,106.7,3.3,4.7,79,1,83,1
FL-2378,Rigid Truck,490809,112,29.7,30.6,90.4,93.5,105.1,3.15,4.9,134,1,75,1
FL-2379,Light Truck,189995,303,77.2,98.9,25.3,36.2,90.1,1.38,11.8,148,1,53,1
FL-2380,Heavy Truck,529400,446,18.8,37.8,55.3,81.8,109.3,3.43,5.6,36,0,57,1
FL-2381,Heavy Truck,485548,426,37.1,32.8,34.2,89.6,103.6,2.89,5.3,43,0,56,0
FL-2382,Light Truck,350956,225,79.6,48.6,75.6,39.2,89,1.48,6.8,24,0,34,0
FL-2383,Heavy Truck,154554,436,49,33,36.7,35.2,98.2,2.61,5,53,0,52,0
FL-2384,Light Truck,507094,277,20.4,56.4,82.7,61.8,107.8,3.61,7.5,90,0,50,0
FL-2385,Light Truck,435873,170,20.9,81,36.6,54.2,107,3.36,10.1,59,0,50,0
FL-2386,Light Truck,138652,416,97.2,69.7,46.9,53.3,82,0.73,8.9,159,1,45,0
FL-2387,Rigid Truck,555133,183,90.4,92.2,86.5,33.1,85,1,11.2,148,1,47,0
FL-2388,Heavy Truck,158064,187,88.8,28.4,56.3,75,85.8,1,4.9,148,1,57,1
FL-2389,Light Truck,273890,329,27.7,60.8,91.7,78.7,106.6,3.17,8.1,47,0,43,0
FL-2390,Mini Truck,406071,101,33.1,30.6,37.9,49.6,102.5,2.93,4.9,163,1,82,1
FL-2391,Mini Truck,424712,124,30.7,81.1,61.8,58,105.4,3.08,10,114,1,66,0
FL-2392,Light Truck,120559,248,58.1,40.9,51.6,32.6,95.9,2.19,5.9,115,1,68,0
FL-2393,Heavy Truck,113712,182,26.3,95.5,71.8,56.3,106.3,3.37,11.6,126,1,59,0
FL-2394,Utility Pickup,74916,370,93.3,40.6,46.6,86.5,84.9,0.95,6,22,1,50,0
FL-2395,Rigid Truck,557003,229,88.8,51.1,79.7,75.1,85.1,1.15,6.9,34,0,29,0
FL-2396,Heavy Truck,90701,156,57.5,91.7,87.9,38.6,96.4,2.18,11,23,0,27,0
FL-2397,Light Truck,33341,140,21,22.4,26.8,69.1,108.5,3.36,4.1,76,0,59,0
FL-2398,Light Truck,178180,160,22.1,66.8,32.4,88.2,108.1,3.45,8.6,151,1,71,0
FL-2399,Rigid Truck,412799,366,35.2,78.5,80.9,54.5,101.9,2.83,9.7,157,1,64,1
FL-2400,Heavy Truck,147181,158,38.6,94.6,79.9,61.8,101.1,2.96,11.3,41,0,29,0
FL-2401,Rigid Truck,43344,238,47.5,27.9,84.5,77.9,99.4,2.43,4.7,9,0,42,0
FL-2402,Utility Pickup,434140,162,30.8,49,61,59.3,105.1,3,6.9,153,1,76,1
FL-2403,Rigid Truck,324063,200,44,43.2,92.2,65,101.4,2.54,6.2,63,0,43,0
FL-2404,Mini Truck,276071,359,70.5,33.4,36.1,76.4,91.3,1.59,5.1,108,1,65,1
FL-2405,Utility Pickup,114048,443,37.6,30.4,69.5,57,100.5,3,4.8,105,1,72,1
FL-2406,Mini Truck,67406,144,25.8,90.8,83.5,72.2,106.7,3.18,11.2,57,0,34,0
FL-2407,Rigid Truck,291275,312,71.2,34.8,45.9,50.3,92,1.56,5.2,109,1,68,1
FL-2408,Rigid Truck,407247,286,79.9,43.2,30.1,87,87.6,1.39,6.3,84,0,39,0
FL-2409,Heavy Truck,118027,314,38,24.9,93.3,60.5,101.8,2.78,4.2,144,1,71,0
FL-2410,Light Truck,222149,438,89.7,52.9,80.5,90.1,85.5,0.94,7,48,0,21,0
FL-2411,Mini Truck,510029,233,73.1,36.6,53.4,59.4,89.8,1.7,5.5,138,1,68,1
FL-2412,Light Truck,200251,207,28,37.7,48.8,43.6,105,3.22,5.8,30,0,55,0
FL-2413,Rigid Truck,277603,258,81.8,20.5,48.7,75.2,89.3,1.41,4,169,1,65,0
FL-2414,Heavy Truck,33893,237,35,38.8,66.2,70.6,103.3,2.97,5.9,60,0,46,1
FL-2415,Mini Truck,60771,283,60.9,93.5,87.4,95.7,94,2.01,11.4,161,1,40,0
FL-2416,Light Truck,39173,192,91.2,23,37.1,33.5,83.6,1.05,4,105,1,61,0
FL-2417,Utility Pickup,42976,255,81.9,32.7,35.2,63.1,87.6,1.35,5.3,45,1,59,0
FL-2418,Heavy Truck,149663,308,79.9,44,89.4,99,88,1.39,6.5,64,0,25,0
FL-2419,Mini Truck,133440,364,62.1,70.1,34.8,53.5,95.5,1.9,8.8,102,1,61,1
FL-2420,Utility Pickup,25010,143,32.7,65.5,96,45.2,103.9,3.15,8.4,21,0,37,0
FL-2421,Rigid Truck,507866,388,52.2,82,51.3,69.5,98.7,2.38,10,10,0,37,0
FL-2422,Utility Pickup,55315,174,39.2,68.3,28.9,96.5,101.4,2.98,9,122,1,63,1
FL-2423,Utility Pickup,256739,121,84.7,25,92.8,31,88.1,1.13,4.2,128,1,62,1
FL-2424,Light Truck,352092,348,85.1,87.4,31.7,44.5,87,1.36,10.7,60,0,31,0
FL-2425,Mini Truck,310090,214,42.7,47.2,93.9,89.2,99.2,2.58,6.6,22,0,41,0
FL-2426,Mini Truck,201871,451,31.1,33.5,42.5,65.7,105.5,3.25,5,93,1,77,1
FL-2427,Rigid Truck,308984,380,85.7,87.9,54.4,53.1,85.6,1.21,10.9,133,1,49,0
FL-2428,Heavy Truck,116845,113,59.4,53.7,26.3,43,94.4,2.14,7.5,84,0,42,0
FL-2429,Rigid Truck,444434,178,83.8,98.7,83.4,72.8,88.2,1.3,11.7,104,1,42,0
FL-2430,Rigid Truck,82319,184,25.5,93.3,62.6,85.7,104.9,3.27,11.1,10,0,33,0
FL-2431,Mini Truck,324133,104,24.8,72.4,88.3,55.6,104.6,3.36,9.2,162,1,68,1
FL-2432,Light Truck,183798,241,31.1,23.3,46.7,36.5,104.7,3.15,4,148,1,82,1
FL-2433,Mini Truck,492653,132,80.2,84.2,55.4,75.6,88.6,1.52,10.2,76,0,26,0
FL-2434,Utility Pickup,312740,198,88.2,82.1,93.8,54.2,86.2,1.16,10.3,96,1,43,0
FL-2435,Mini Truck,479256,249,83.7,41.1,78.1,74.6,87.7,1.42,6,112,1,59,0
FL-2436,Light Truck,558232,379,53.4,48.5,26.6,61,98.1,2.29,6.6,160,1,77,1
FL-2437,Light Truck,62532,446,37.7,80.9,87.4,35,101.7,2.93,10,101,1,60,0
FL-2438,Rigid Truck,46021,118,77,48.5,46.3,60.8,88.1,1.39,6.6,74,0,34,0
FL-2439,Rigid Truck,370675,456,91.2,87.2,88.6,87.8,83.6,0.91,10.7,13,0,16,0
FL-2440,Rigid Truck,449906,266,19.3,68,83,50,107,3.45,8.8,15,0,49,0
FL-2441,Mini Truck,334981,189,29.3,73.8,72.4,82.9,105.4,3.32,9.2,168,1,64,1
FL-2442,Light Truck,278662,132,90.2,23.7,69.9,73.5,85.9,1.12,4.4,119,1,60,1
FL-2443,Mini Truck,107239,364,72.7,63.2,45.1,46.1,89.5,1.78,8.1,59,0,34,0
FL-2444,Mini Truck,441610,453,62.5,27.9,72.3,69.6,95.3,1.88,4.7,43,0,44,0
FL-2445,Light Truck,62624,238,57.7,24.3,37.5,35.9,94.6,2.12,4.2,104,1,75,1
FL-2446,Rigid Truck,73405,216,48.9,45.3,43.8,37.6,97.1,2.63,6.5,101,1,69,1
FL-2447,Mini Truck,78165,389,70.8,86.7,66.2,81.2,90.6,1.77,10.8,147,1,45,0
FL-2448,Light Truck,58713,143,81.2,72.2,31.5,54.9,87.9,1.24,9,135,1,52,0
FL-2449,Heavy Truck,182647,158,97.1,47.5,47.7,94.5,83.5,0.77,6.7,170,1,49,1
FL-2450,Light Truck,463056,277,82.9,37.5,43.3,83.2,86.3,1.24,5.6,119,1,64,0
FL-2451,Light Truck,311328,211,82.8,24.7,37.1,53,88.4,1.37,4.4,146,1,68,1
FL-2452,Mini Truck,114768,406,73.6,94.8,29.7,52.3,91.8,1.6,11.4,47,0,28,0
FL-2453,Heavy Truck,386730,238,73.1,85.4,48.2,58.1,90.3,1.75,10.3,116,1,52,0
FL-2454,Heavy Truck,502325,247,74.1,74,93,58.6,89.4,1.6,9.2,154,1,52,0
FL-2455,Rigid Truck,301865,168,53.8,74.2,93.1,49.2,96.9,2.22,9.3,99,1,55,0
FL-2456,Light Truck,200534,453,88,75,63.6,64.7,86.3,1.16,9.6,40,0,22,0
FL-2457,Utility Pickup,240632,265,60.5,63.5,35.8,55.1,95,2.16,8.2,152,1,65,0
FL-2458,Rigid Truck,406680,295,92.2,64.2,61.5,61.3,84.9,0.96,8.4,28,0,29,0
FL-2459,Light Truck,434382,315,80.7,53.3,78.5,80,87.4,1.3,7.1,158,1,55,0
FL-2460,Rigid Truck,472457,434,67,38.5,34.3,63.5,93,1.81,5.8,98,1,69,1
FL-2461,Mini Truck,403465,83,34.6,46.7,47.3,89.2,104.2,3.05,6.5,33,0,51,0
FL-2462,Rigid Truck,478698,357,76.8,81.5,44,71.9,90.1,1.5,10,172,1,53,0
FL-2463,Heavy Truck,64781,345,74.3,28.6,72.4,57.3,89.5,1.58,4.7,103,1,61,1
FL-2464,Utility Pickup,109234,322,37.2,93.2,37.8,89.8,102.2,2.86,11.4,100,1,59,0
FL-2465,Light Truck,105012,128,27.3,59.9,30.7,44.1,105.7,3.39,8.1,33,1,74,1
FL-2466,Light Truck,231350,433,65.6,52.3,76.9,87.7,91.8,1.95,7.1,66,1,57,1
FL-2467,Rigid Truck,26777,109,40.8,25.3,63.5,48.1,101.8,2.68,4.3,146,1,71,1
FL-2468,Light Truck,159538,116,43.9,38.4,74.6,70.4,100.7,2.73,5.9,120,1,66,1
FL-2469,Light Truck,134754,312,33.2,98.4,61.8,41.7,103.6,2.9,11.8,105,1,60,0
FL-2470,Mini Truck,493630,365,95.3,66.3,26.1,85,83,0.94,8.5,12,0,29,0
FL-2471,Rigid Truck,344413,369,51.8,35.7,71.8,54.6,96.4,2.24,5.5,57,0,46,0
FL-2472,Mini Truck,322014,396,44.7,41.3,39,52.8,100.6,2.5,6.1,107,1,77,1
FL-2473,Utility Pickup,386624,213,27.1,92.2,59.2,97,106.2,3.28,11.4,82,0,39,0
FL-2474,Mini Truck,234647,222,58.2,30.1,44.2,37.6,94.4,2.13,4.8,27,0,51,0
FL-2475,Rigid Truck,122388,457,19.5,66.5,42.4,48.9,106.6,3.5,8.6,48,1,72,1
FL-2476,Utility Pickup,43697,333,47.1,39.3,64.1,69.7,97.7,2.62,5.9,87,0,41,0
FL-2477,Light Truck,110310,226,21.4,95.9,27.4,33.8,108,3.3,11.6,172,1,69,0
FL-2478,Light Truck,361897,248,62.6,28.5,43,87.2,94.3,1.92,4.9,92,1,72,1
FL-2479,Heavy Truck,197489,447,54.1,90.8,61.9,85.8,96.8,2.37,10.9,9,0,28,0
FL-2480,Light Truck,161546,350,69.7,51.3,60.2,95.5,92.4,1.73,6.9,157,1,56,1
FL-2481,Heavy Truck,333110,130,65.5,40.3,58,42.5,92.5,1.85,5.8,54,0,43,0
FL-2482,Heavy Truck,125869,382,23.5,42.5,79.4,77.7,107.4,3.25,6.1,14,0,45,0
FL-2483,Rigid Truck,221404,387,81.4,29.1,72,37.7,88.6,1.44,4.9,93,1,62,0
FL-2484,Utility Pickup,482135,315,63.5,95.1,63.6,41.7,92.5,1.93,11.4,69,0,32,0
FL-2485,Heavy Truck,179853,352,26.1,81,71.6,67.7,104.8,3.2,10,23,0,40,0
FL-2486,Mini Truck,452634,272,74.7,35.5,45,74.9,89.6,1.56,5.5,168,1,65,1
FL-2487,Mini Truck,55823,341,57.2,31.1,88.2,93.2,95.1,2.26,4.8,40,0,35,0
FL-2488,Utility Pickup,502614,445,32,92,76.2,48.1,103.9,3.02,11,101,1,63,0
FL-2489,Mini Truck,307394,251,49.2,97.4,28.6,72,99.7,2.43,11.8,16,0,33,0
FL-2490,Rigid Truck,258549,283,19.7,76.5,43.7,81.6,108,3.45,9.4,135,1,68,1
FL-2491,Utility Pickup,397255,183,25,30.1,53.5,48.9,105.3,3.19,4.9,54,0,60,0
FL-2492,Light Truck,238518,390,19.5,79.6,93.3,97.5,107.6,3.49,10.1,5,0,35,0
FL-2493,Heavy Truck,357233,432,43.3,90.8,37.9,80.9,100.1,2.61,10.9,156,1,60,1
FL-2494,Rigid Truck,409574,318,45.2,38.6,70.6,59.3,100,2.6,5.9,17,0,50,0
FL-2495,Heavy Truck,62696,272,47.8,80.1,90.6,88.8,97.4,2.43,10.1,121,1,50,0
FL-2496,Utility Pickup,341695,160,52.7,30,46.3,62.9,98.2,2.43,4.9,137,1,75,0
FL-2497,Heavy Truck,459223,237,81.2,53.8,43.7,50.7,87.8,1.31,7.1,39,0,37,0
FL-2498,Rigid Truck,387304,229,35.2,34.8,83.2,63.2,102.1,2.98,5.3,22,0,52,0
FL-2499,Rigid Truck,31009,203,97.6,64,62.2,85,83.6,0.7,8.5,23,0,19,0
FL-2500,Rigid Truck,146805,213,81.5,88.2,50.4,97.8,88.7,1.46,11,14,0,18,0
FL-2501,Utility Pickup,394178,329,26.1,51.8,63,52.2,105.5,3.35,7,145,1,79,1
FL-2502,Utility Pickup,248795,382,44.2,96.2,91.9,45.7,100.4,2.52,11.8,13,0,29,0
FL-2503,Light Truck,260272,244,28.4,27.1,93.9,72.3,105,3.27,4.7,122,1,72,1
FL-2504,Mini Truck,110738,161,77.8,50.5,31,92.2,90.3,1.51,7.1,136,1,55,0
FL-2505,Light Truck,393350,118,37.4,45.1,67.9,37.3,103.2,2.88,6.5,142,1,77,1
FL-2506,Rigid Truck,219193,291,51.2,66.4,37.6,48.8,98.1,2.5,8.5,137,1,65,1
FL-2507,Utility Pickup,104939,242,61.6,63.1,41.3,48.9,95.3,2.08,8.2,72,0,38,0
FL-2508,Heavy Truck,323885,260,19.6,88.2,32.1,68.2,108.6,3.39,10.7,9,0,45,0
FL-2509,Rigid Truck,348856,362,88.5,92.6,86.3,65.5,87.1,1.02,11.3,156,1,40,0
FL-2510,Heavy Truck,200697,374,76.3,31.2,26.2,98.9,89.6,1.58,4.9,75,0,39,0
FL-2511,Mini Truck,302345,131,64.8,23.9,85.6,62.8,93.4,2.01,4.4,24,0,43,0
FL-2512,Heavy Truck,172688,283,46,67.1,66.6,93.6,99,2.48,8.5,147,1,56,0
FL-2513,Rigid Truck,400073,412,85.7,21.5,70.7,34,86.4,1.29,4.1,120,1,64,0
FL-2514,Rigid Truck,386527,446,42,78.5,26.6,63.2,101.1,2.64,9.9,124,1,69,1
FL-2515,Light Truck,94218,460,74.2,24.9,25.4,81.3,91.1,1.61,4.4,57,0,41,0
FL-2516,Utility Pickup,290958,151,32.8,40.2,93,83.4,102.1,3.06,6,70,0,46,0
FL-2517,Mini Truck,270232,213,63.5,86.7,33.2,94.4,92.5,1.91,10.8,169,1,52,0
FL-2518,Rigid Truck,216314,438,68,51.7,58.2,57.1,93.4,1.82,7.2,153,1,62,1
FL-2519,Mini Truck,338993,369,46.8,24.8,26.6,53.8,98.2,2.59,4.3,32,1,80,1
FL-2520,Mini Truck,163934,256,35.3,71.3,28.4,85.9,104,2.85,8.9,174,1,66,1
FL-2521,Light Truck,259842,441,46.7,47.2,30.6,32.9,97.7,2.6,6.4,150,1,76,1
FL-2522,Light Truck,526869,140,43.2,42.6,88.1,85.3,100.5,2.67,6.1,151,1,68,1
FL-2523,Light Truck,255268,141,96.9,24.2,60.4,50.4,82,0.94,4.2,81,1,59,0
FL-2524,Utility Pickup,434434,263,18.9,66.4,78,50.2,107.4,3.43,8.4,43,0,51,0
FL-2525,Light Truck,363960,382,88.7,84.9,69.9,33.6,85.1,1.16,10.5,128,1,47,0
FL-2526,Mini Truck,481386,291,52.5,72.4,39.2,55,97,2.31,9.1,134,1,69,1
FL-2527,Rigid Truck,89375,392,63.6,69.9,74.9,91.2,92.4,1.99,8.8,14,0,23,0
FL-2528,Mini Truck,400519,294,43.9,91.5,30.6,32.3,100.3,2.76,11.1,73,0,43,0
FL-2529,Rigid Truck,201212,293,91.8,39.3,45.1,72.4,85.7,0.97,5.7,75,0,31,0
FL-2530,Utility Pickup,285388,192,65.2,62.9,95.8,95.1,93,2.01,8.2,42,0,28,0
FL-2531,Utility Pickup,104413,255,61.4,39.6,81.1,97.3,93.5,2,6,89,1,56,1
FL-2532,Light Truck,417192,304,53.7,42.2,26.3,86,96.4,2.46,5.9,62,0,47,0
FL-2533,Light Truck,225599,197,71.6,73.6,66.7,45.1,91.9,1.62,9.5,135,1,55,0
FL-2534,Rigid Truck,171944,180,48,28,85.7,65.6,98.2,2.57,4.7,27,0,45,0
FL-2535,Rigid Truck,353154,385,65.8,68.1,47.4,37.5,92.8,1.83,8.8,16,0,38,0
FL-2536,Rigid Truck,373741,211,34.2,38.8,39,34.2,103.5,3.13,5.8,67,0,58,1
FL-2537,Utility Pickup,263371,343,63.2,69.7,30.8,64.6,95.2,1.93,8.9,57,0,37,0
FL-2538,Utility Pickup,512830,272,85.9,64.5,44.6,83.5,87,1.28,8.5,8,1,57,0
FL-2539,Utility Pickup,426581,415,54.5,93.4,39.2,79.3,95.5,2.32,11.2,79,0,35,0
FL-2540,Rigid Truck,43499,357,32.9,95,41.1,44.8,104.1,3.06,11.4,130,1,62,1
FL-2541,Light Truck,488187,152,74.5,86.5,92.2,71.9,88.7,1.7,10.5,175,1,48,0
FL-2542,Heavy Truck,235104,334,40,27,84.2,53.5,100.4,2.93,4.5,171,1,72,0
FL-2543,Mini Truck,388825,333,56.1,80.1,51.2,44.9,95.1,2.31,10.2,143,1,62,1
FL-2544,Heavy Truck,192665,420,80.8,53.7,43.3,76.3,87.5,1.28,7.3,104,1,54,1
FL-2545,Light Truck,263872,406,94.2,45.3,59.5,90.9,83.9,0.99,6.4,158,1,51,0
FL-2546,Utility Pickup,50394,407,45.2,25,28.2,50,100.5,2.57,4.4,172,1,77,1
FL-2547,Rigid Truck,199491,129,36.3,42.6,34.2,34.8,103.7,2.79,6.3,59,0,55,0
FL-2548,Utility Pickup,200753,337,76.3,75.8,78,65,89.3,1.42,9.7,19,0,24,0
FL-2549,Mini Truck,39660,190,24,74.6,56.7,42.5,105.3,3.48,9.6,21,0,44,0
FL-2550,Light Truck,543326,142,26.2,64.7,49.4,56.8,105.1,3.16,8.3,73,1,76,1
FL-2551,Rigid Truck,208917,200,72.5,96.1,51.5,68.3,89.8,1.65,11.4,44,0,23,0
FL-2552,Heavy Truck,406186,96,86.6,87.7,32.1,90.3,86.1,1.09,10.6,138,1,48,1
FL-2553,Heavy Truck,126637,453,63.4,96.4,34.6,45.4,93.5,1.91,11.4,84,0,30,0
FL-2554,Utility Pickup,504604,389,56,71.6,44.2,67.9,97.2,2.16,9,22,0,39,0
FL-2555,Heavy Truck,292510,351,95.3,92.4,50.3,79.8,84.9,0.95,11.2,102,1,41,0
FL-2556,Mini Truck,525941,367,79.8,73.2,45.1,32.8,87.3,1.29,9.4,62,0,38,0
FL-2557,Light Truck,219433,195,63.5,70.9,95.6,60.8,94.9,2.12,8.9,146,1,50,1
FL-2558,Mini Truck,355834,449,43.4,68.9,65.3,51.6,100.1,2.54,8.8,87,0,41,0
FL-2559,Light Truck,180245,160,23.1,23,54.8,85.5,107.4,3.46,4,154,1,79,1
FL-2560,Utility Pickup,122678,82,23.4,25.2,51.7,94.2,106,3.53,4.3,82,0,55,1
FL-2561,Mini Truck,40518,285,65.6,45.6,81.5,50.5,91.9,1.86,6.4,134,1,57,1
FL-2562,Rigid Truck,524503,266,23.7,63.1,32.5,76.7,107.8,3.45,8.1,9,0,55,0
FL-2563,Light Truck,258069,398,55.8,98.9,58.6,39.4,97.4,2.25,12,76,0,31,0
FL-2564,Mini Truck,276670,403,45,26,83,30.9,98.2,2.48,4.5,137,1,73,1
FL-2565,Rigid Truck,249993,171,35.6,47,92.5,31.5,103.6,2.91,6.6,112,1,70,1
FL-2566,Heavy Truck,524709,80,21.8,67,51.5,79.9,108.3,3.43,8.5,91,1,76,0
FL-2567,Mini Truck,125055,108,97.7,84.5,71.7,90,83.3,0.7,10.3,91,1,34,0
FL-2568,Mini Truck,446044,376,75.1,21.8,32.9,72.1,90.8,1.54,4.1,163,1,72,1
FL-2569,Rigid Truck,329115,87,30.1,98.6,87.6,32.3,105.1,3,12.1,135,1,61,1
FL-2570,Light Truck,306819,433,22.9,82.2,78,45.8,108.1,3.5,10.2,13,0,41,0
FL-2571,Light Truck,293194,140,41.5,72.4,32.2,92.5,99.4,2.61,9.3,31,1,64,1
FL-2572,Rigid Truck,159537,435,38,22.2,38.7,63.5,102.2,3,3.9,145,1,81,0
FL-2573,Light Truck,442695,212,61,30.2,27.9,45.6,95.4,2.19,5.1,131,1,76,1
FL-2574,Rigid Truck,287391,300,76.6,91.8,83.9,87.4,89.5,1.49,11.3,9,0,18,0
FL-2575,Utility Pickup,454509,204,77.4,30.9,57.3,48.6,89.4,1.4,4.9,82,1,66,1
FL-2576,Rigid Truck,459007,288,68.7,85.5,32.3,52.2,90.9,1.69,10.3,79,0,36,0
FL-2577,Mini Truck,435160,331,32.3,47,45.4,52.1,103.4,3.15,6.6,81,1,81,1
FL-2578,Light Truck,303024,260,61.2,38.2,77.6,62,95.7,2.03,5.8,39,1,63,1
FL-2579,Utility Pickup,227150,362,41.7,45.3,77.6,49.7,100.3,2.68,6.5,109,1,67,1
FL-2580,Rigid Truck,480427,458,81.7,88.8,73.3,87.7,88.8,1.32,10.9,46,1,45,0
FL-2581,Utility Pickup,275770,110,20.9,38.8,76.7,88.2,108,3.36,5.6,27,0,52,0
FL-2582,Utility Pickup,533974,93,76.1,77.7,50.9,98.9,90.3,1.39,9.9,46,1,55,1
FL-2583,Heavy Truck,61790,364,79.9,79,85.1,63.5,88.4,1.53,10,56,0,17,0
FL-2584,Rigid Truck,444629,331,22.8,46.7,86,53.5,105.8,3.32,6.5,115,1,76,1
FL-2585,Rigid Truck,352430,143,24.6,96.3,62.3,32.5,106.9,3.34,11.4,52,1,68,1
FL-2586,Light Truck,420428,416,96.1,25.1,64.8,68.9,84.7,0.83,4.6,47,0,35,0
FL-2587,Utility Pickup,297891,136,53.1,53.1,90.6,38.8,96.3,2.25,7.3,133,1,63,1
FL-2588,Light Truck,394092,146,33.3,24.2,93.9,78.8,104.1,3.06,4.3,175,1,73,1
FL-2589,Utility Pickup,251055,327,48.9,44.2,83.2,96.6,98.2,2.39,6.5,130,1,63,0
FL-2590,Light Truck,111085,292,37,92.9,29.5,88.2,103.5,2.95,11.3,109,1,60,0
FL-2591,Rigid Truck,461536,270,97.7,36.4,48.6,36.6,82.5,0.79,5.7,76,0,39,0
FL-2592,Mini Truck,449438,126,47.9,63.6,75.2,57.8,99.2,2.46,8.3,163,1,65,0
FL-2593,Light Truck,404415,314,56.2,66.2,60.4,50.8,97.2,2.21,8.5,18,0,40,0
FL-2594,Rigid Truck,124775,170,66.9,52.9,52.5,71.3,92.4,1.98,7.3,131,1,60,1
FL-2595,Utility Pickup,60827,333,30.7,58.6,94.4,77.4,102.7,3.23,7.9,110,1,61,0
FL-2596,Heavy Truck,179649,391,94,53.6,62.6,60.6,82.8,0.86,7.2,107,1,48,0
FL-2597,Rigid Truck,63697,216,18.5,27.1,75.8,38.9,108.4,3.61,4.5,135,1,81,0
FL-2598,Heavy Truck,242011,425,18.2,58.8,59.4,32.6,107.9,3.62,7.6,81,0,54,1
FL-2599,Utility Pickup,127223,436,94.2,30.6,28.1,67.5,83.3,0.8,4.8,155,1,59,1
FL-2600,Rigid Truck,321890,361,21.9,33.1,86.9,46.4,107.8,3.3,5,132,1,80,1
FL-2601,Utility Pickup,532774,154,32.3,34.4,47.4,84.7,103.1,3.04,5.2,71,0,58,0
FL-2602,Utility Pickup,530810,372,19.8,81.4,89,51.1,106.3,3.37,10.2,100,1,69,1
FL-2603,Heavy Truck,31714,424,90.3,94.4,65,83,85.7,1.02,11.4,60,0,10,0
FL-2604,Rigid Truck,461430,142,84.6,53.6,74.8,69.8,86.6,1.29,7.1,74,1,57,0
FL-2605,Rigid Truck,20639,449,54.7,63.5,88.5,44.3,97,2.28,8.4,169,1,54,0
FL-2606,Rigid Truck,204016,421,38.3,64,49.2,76.8,101.7,2.73,8.4,72,0,42,0
FL-2607,Heavy Truck,506398,131,80.6,31.6,45.9,92.2,88.9,1.34,5.2,77,0,41,0
FL-2608,Rigid Truck,412003,256,75.5,57,72.2,55.4,88.3,1.69,7.8,134,1,59,1
FL-2609,Mini Truck,205798,373,54.1,72.3,41.3,44.1,96.4,2.45,9.2,40,0,40,1
FL-2610,Utility Pickup,225949,300,43.2,93,30,34.1,99.3,2.82,11.2,113,1,64,1
FL-2611,Heavy Truck,322281,303,71.2,20.3,91.5,90.7,90.5,1.69,3.8,69,0,37,0
FL-2612,Mini Truck,343130,206,87.6,90.5,56.5,71.5,86.8,0.98,11.2,147,1,47,1
FL-2613,Mini Truck,502547,314,40.6,62.1,44.1,43,100.8,2.74,8.2,113,1,74,1
FL-2614,Heavy Truck,166929,382,58.3,49,91.1,44,94.7,2.16,6.6,92,1,59,1
FL-2615,Mini Truck,363410,219,97.5,58.2,43.2,45.7,81.6,0.91,7.6,130,1,54,0
FL-2616,Mini Truck,456117,309,61.4,38.1,64.1,64.9,95,2.08,5.6,28,0,44,0
FL-2617,Heavy Truck,314202,343,79.3,76.7,86.3,76.6,89,1.5,9.7,11,1,46,0
FL-2618,Light Truck,418447,255,29.9,75.9,63.6,92.8,104.9,3.28,9.7,79,1,67,1
FL-2619,Heavy Truck,392987,352,27,83.2,27.1,70.9,106.3,3.14,10.4,65,0,49,0
FL-2620,Utility Pickup,52850,91,70,76.8,48,51.6,90.8,1.72,9.5,21,0,28,0
FL-2621,Heavy Truck,96971,152,18.8,77.9,42.8,38.9,107.6,3.51,9.6,32,0,49,0
FL-2622,Heavy Truck,108079,317,69.9,70.7,31.6,55.1,91,1.89,9.1,21,0,32,0
FL-2623,Rigid Truck,508497,333,88.6,92.8,47.6,69.1,85.6,1.17,11.3,95,1,49,0
FL-2624,Rigid Truck,91549,192,69.8,80.1,34.6,53.1,91.2,1.65,10.1,96,1,53,0
FL-2625,Rigid Truck,280970,162,27.7,44.6,90.8,61.3,104.5,3.26,6.5,122,1,71,1
FL-2626,Light Truck,547546,98,41.1,76.1,66.9,63.4,99.5,2.74,9.7,84,0,43,0
FL-2627,Mini Truck,44982,415,38.7,47,62.3,73.4,103.1,2.94,6.6,55,0,41,0
FL-2628,Light Truck,65302,355,29.2,38.1,57.6,56.3,103.3,3.18,5.6,127,1,73,1
FL-2629,Mini Truck,551890,112,93.4,90.7,80.4,66.5,85.2,0.8,11,157,1,46,0
FL-2630,Utility Pickup,92487,149,39,65.2,90.3,55.3,102.4,2.9,8.6,20,0,37,0
FL-2631,Utility Pickup,323941,412,38.9,47.4,30.6,79,101,2.74,6.5,77,0,48,0
FL-2632,Light Truck,273968,289,30.3,50.4,39.8,85.1,105.6,2.99,6.8,33,0,48,0
FL-2633,Heavy Truck,295130,213,85.6,80.2,29.5,85.5,87.6,1.06,10,47,0,26,0
FL-2634,Heavy Truck,402421,326,54.3,43.9,45.4,68.2,97.9,2.22,6.4,38,0,47,0
FL-2635,Light Truck,442840,273,40.7,79.8,46.2,51.4,101.5,2.85,10.1,5,1,67,1
FL-2636,Rigid Truck,198444,133,78.7,72.4,30.6,96.5,89.3,1.54,9.3,68,0,28,0
FL-2637,Light Truck,437934,178,67.4,97.2,59.1,62.7,93.8,1.93,11.8,26,0,26,0
FL-2638,Utility Pickup,82284,247,26.6,41.6,87.6,64.2,106.9,3.33,6,64,0,44,0
FL-2639,Utility Pickup,548864,242,57.8,31.3,50.9,47.2,96,2.18,4.8,97,1,78,1
FL-2640,Rigid Truck,78670,110,42.9,36,59.7,64.3,101.5,2.67,5.3,127,1,70,1
FL-2641,Heavy Truck,325802,340,50.9,56.2,78.2,68.3,96.2,2.44,7.7,85,0,39,0
FL-2642,Heavy Truck,144580,329,32.3,97,58.1,64.5,102.5,3.01,11.6,132,1,57,0
FL-2643,Mini Truck,67488,90,45,56.5,88,33.4,100.7,2.66,7.7,48,1,61,1
FL-2644,Light Truck,243841,447,53.5,25.3,69.3,33.8,97.7,2.35,4.2,63,1,74,1
FL-2645,Rigid Truck,527948,394,18.7,57.9,48.3,56.4,108.9,3.56,7.8,124,1,82,1
FL-2646,Rigid Truck,44252,382,62.6,67.5,34.5,83.2,95.2,2.1,8.8,142,1,58,0
FL-2647,Heavy Truck,376159,227,53.6,40,55.8,73.6,98,2.23,5.9,18,0,46,0
FL-2648,Light Truck,460799,335,96.1,47.2,83.9,58.4,84.2,0.85,6.7,9,1,51,1
FL-2649,Mini Truck,345451,351,87.9,98,80.2,63,85.5,1.09,11.8,109,1,39,0
FL-2650,Mini Truck,519782,232,85.5,64.8,92.7,56.3,86.3,1.35,8.4,68,0,26,0
FL-2651,Utility Pickup,464333,308,25.8,98.6,94.2,86.5,104.3,3.33,11.9,63,0,33,0
FL-2652,Rigid Truck,273465,428,61,59.2,42.5,85.3,94.4,1.99,7.9,82,0,35,0
FL-2653,Heavy Truck,316527,104,32.6,24.4,35.7,92.1,102.1,3.12,4.2,124,1,80,1
FL-2654,Rigid Truck,295195,118,44.3,43.3,87.8,45.4,99.7,2.52,6.1,79,0,43,0
FL-2655,Utility Pickup,225578,139,22.7,21.2,36,42.7,105.7,3.46,4,5,0,65,1
FL-2656,Rigid Truck,465289,386,74.4,91.5,35.9,50.6,90.5,1.62,11.2,52,0,33,0
FL-2657,Heavy Truck,434181,267,78.6,70,35.3,51.4,87.4,1.39,9.1,58,0,36,0
FL-2658,Utility Pickup,220388,443,88.4,42.5,49.4,52.5,85.7,1.23,6,125,1,59,0
FL-2659,Heavy Truck,108622,296,92.5,60.7,92.3,95.9,85.9,0.82,8.1,84,0,15,0
FL-2660,Utility Pickup,22010,312,61.4,62.4,48.4,37.8,94.6,1.92,8.1,68,0,38,0
FL-2661,Heavy Truck,367146,393,92.3,38.5,58.3,36.2,84.2,1.08,5.9,172,1,63,1
FL-2662,Light Truck,415959,91,86.1,28.4,57.8,31.3,86,1.05,4.8,165,1,65,1
FL-2663,Utility Pickup,364704,283,68,69,36.5,40.9,93.2,1.7,9,98,1,64,1
FL-2664,Heavy Truck,361495,384,48,94.6,79.4,43.8,98.4,2.54,11.3,107,1,58,1
FL-2665,Light Truck,323646,400,71.5,29.9,59,50.8,90.1,1.8,4.7,152,1,66,1
FL-2666,Utility Pickup,67351,171,32,22.8,89.7,94.6,102.3,3.15,3.9,149,1,70,1
FL-2667,Rigid Truck,164982,164,50.7,35.7,95.1,81.2,97.7,2.52,5.5,96,1,63,1
FL-2668,Mini Truck,346547,153,66,70,82.2,95.3,92.6,1.97,8.9,17,0,26,0
FL-2669,Utility Pickup,525964,173,37.3,22.8,51.1,85.1,103,3.03,4.2,26,0,57,1
FL-2670,Mini Truck,53526,407,60.4,33.6,71.2,73.3,94.7,2.13,5.3,71,0,39,0
FL-2671,Mini Truck,223756,171,19.1,85.5,39.5,97.8,108.3,3.42,10.7,146,1,67,1
FL-2672,Mini Truck,115034,309,63.6,64.7,49.8,89.3,94.6,2.07,8.4,130,1,55,1
FL-2673,Rigid Truck,54249,216,26.2,55.4,59.3,32.6,104.7,3.18,7.5,174,1,72,1
FL-2674,Light Truck,427000,99,56.6,20,35.5,92.5,96,2.11,3.8,170,1,77,1
FL-2675,Mini Truck,338652,402,53.5,32.6,59.5,89.6,96.2,2.23,5.1,153,1,68,1
FL-2676,Utility Pickup,467719,314,36,56.7,68.7,63,102.1,3.06,7.7,116,1,72,0
FL-2677,Heavy Truck,295249,287,39,98.5,30.5,81.3,100.2,2.84,11.7,132,1,62,1
FL-2678,Light Truck,104932,226,97.6,46.6,54.1,96.1,83.6,0.77,6.6,171,1,48,0
FL-2679,Mini Truck,155457,205,30.4,51.9,95.3,71,104.3,3.11,7.1,127,1,66,1
FL-2680,Utility Pickup,209890,421,52.4,92.2,82.6,38.4,97.2,2.45,11.1,38,0,30,0
FL-2681,Mini Truck,328427,125,92.1,76,55.3,51.4,84.2,0.93,9.6,153,1,50,0
FL-2682,Light Truck,227085,91,94.5,59.1,50.3,69.4,82.8,0.99,7.9,54,0,27,0
FL-2683,Utility Pickup,264535,364,40.1,83.3,33.3,60.3,101.8,2.91,10.3,10,0,41,0
FL-2684,Utility Pickup,265117,157,59.6,29.6,42.3,87.8,95.4,2.1,4.9,50,0,44,0
FL-2685,Utility Pickup,495643,386,95.8,58.7,41,82.4,82.7,0.81,7.7,10,0,29,0
FL-2686,Utility Pickup,372333,418,55.2,28.3,37.8,48.4,95.8,2.28,4.6,149,1,76,1
FL-2687,Utility Pickup,149865,179,96.1,81.2,88.8,71.2,82.9,0.89,10.1,26,0,12,0
FL-2688,Mini Truck,133004,287,96.2,20.7,27.2,57.4,84.5,0.85,3.8,108,1,61,1
FL-2689,Utility Pickup,213031,407,38.2,58.5,89,92.1,103,2.88,7.6,46,1,60,1
FL-2690,Heavy Truck,190511,459,83.2,88.3,73.8,89.6,88,1.24,11,54,0,15,0
FL-2691,Heavy Truck,154649,367,69.4,30,88.7,46.2,91.3,1.66,4.8,121,1,63,1
FL-2692,Mini Truck,104405,266,22.6,37.9,95.7,53.3,106.1,3.28,5.6,16,1,72,1
FL-2693,Mini Truck,377114,203,58.8,75.7,91.7,50.2,95.7,2.24,9.6,15,0,32,0
FL-2694,Light Truck,535067,196,79.6,35.6,85.9,37.4,89.4,1.3,5.6,123,1,64,1
FL-2695,Rigid Truck,378157,419,41.3,79,36.6,64.2,100.6,2.69,9.7,89,0,44,0
FL-2696,Rigid Truck,544789,103,53.1,33.4,50.5,32.4,96.3,2.22,5.1,45,0,56,1
FL-2697,Mini Truck,66824,253,24.8,77.8,65,46.4,107.3,3.28,9.6,150,1,66,1
FL-2698,Utility Pickup,137418,300,46.2,45.8,28.1,84.1,98,2.68,6.6,65,0,47,0
FL-2699,Utility Pickup,71816,380,29.3,48.5,56.1,91.8,105.8,3.15,6.6,75,0,45,0
FL-2700,Rigid Truck,92321,355,19.8,50.8,42.2,48.1,106.8,3.61,7,135,1,76,1
FL-2701,Heavy Truck,541888,252,37.5,68.1,77.9,79,101.6,2.99,8.7,37,0,41,0
FL-2702,Utility Pickup,60795,174,34,20.8,49.6,76.2,101.8,3.02,3.8,127,1,75,0
FL-2703,Rigid Truck,284481,269,32,52.7,52.6,66.5,103.3,3.09,7.1,34,0,47,0
FL-2704,Rigid Truck,307147,432,18.5,47.6,54.5,92.3,108.9,3.63,6.7,73,0,53,0
FL-2705,Rigid Truck,65744,143,44.6,25.1,29.2,47.6,100.8,2.71,4.6,97,1,78,1
FL-2706,Heavy Truck,44219,408,97.8,98,31.4,77,82.4,0.72,11.7,60,0,13,0
FL-2707,Rigid Truck,233087,317,81.4,51,37,40.1,86.8,1.32,6.8,148,1,61,1
FL-2708,Mini Truck,183638,244,78.6,62.6,55.2,38.7,90,1.58,8.1,24,0,31,0
FL-2709,Mini Truck,331653,406,70.4,80.8,26.6,44.4,90.3,1.82,10.2,69,0,35,0
FL-2710,Rigid Truck,72795,112,88.7,98.3,64.2,65.7,86.2,1.14,11.8,81,0,15,0
FL-2711,Utility Pickup,58406,353,32.4,58.6,90.8,70.1,103.9,3.06,7.9,29,1,60,1
FL-2712,Mini Truck,163003,339,82.3,97.6,65.4,81.1,86.3,1.19,11.9,61,0,15,0
FL-2713,Mini Truck,284448,92,45.6,21.1,65.6,73.4,99.1,2.74,3.9,9,1,73,0
FL-2714,Utility Pickup,516309,242,21.2,30.8,40.3,55.5,106.8,3.57,5,146,1,89,1
FL-2715,Light Truck,62344,223,36.8,87.2,65.8,95.1,102.2,2.97,10.9,136,1,56,0
FL-2716,Heavy Truck,516113,93,90.1,60,62.3,82.5,86.3,0.98,8.1,95,1,55,0
FL-2717,Light Truck,22215,239,83.4,23.5,92.1,84.5,86.8,1.16,4.2,33,0,30,0
FL-2718,Rigid Truck,252597,99,21.3,67.1,71.4,45,106.8,3.3,8.6,73,1,72,1
FL-2719,Rigid Truck,262711,229,90,53.6,78.7,66.2,84,0.91,7.1,57,0,27,0
FL-2720,Utility Pickup,212186,393,94.9,78.9,58.2,64.1,84.4,0.8,9.8,101,1,46,1
FL-2721,Rigid Truck,366087,232,80.8,90.5,36.9,90.4,89.5,1.38,11.1,142,1,48,0
FL-2722,Heavy Truck,513155,372,68.9,30,63.6,89.5,92.7,1.64,4.7,175,1,67,1
FL-2723,Rigid Truck,491530,449,58.8,21,85.1,69.9,95.4,2.27,4,7,0,48,0
FL-2724,Heavy Truck,40912,459,50.8,20.5,56.6,66.3,96.5,2.41,3.9,24,0,46,0
FL-2725,Utility Pickup,215259,449,51.6,51.7,39.8,34.1,97.1,2.25,7.1,74,0,46,0
FL-2726,Utility Pickup,213819,184,42.8,99,73.8,75.8,101,2.58,12.1,57,0,28,0
FL-2727,Mini Truck,39685,101,80.2,98.4,42.5,64.6,89,1.3,11.9,58,0,17,0
FL-2728,Mini Truck,429026,390,34.7,28.7,62.6,84.3,103.5,2.97,4.6,108,1,76,1
FL-2729,Rigid Truck,81364,325,42,30.6,51.8,58.6,100.3,2.67,4.8,121,1,74,1
FL-2730,Rigid Truck,309851,203,33.4,55.1,37.3,94.5,104.2,2.95,7.4,69,0,46,0
FL-2731,Light Truck,529255,215,96.3,52.2,73.1,47.3,84.5,0.71,7.3,123,1,54,1
FL-2732,Rigid Truck,306931,300,91.6,56.8,33.5,87.5,83.5,0.97,7.8,28,0,30,0
FL-2733,Light Truck,498015,441,31,72.5,29.9,86.5,102.8,3.09,9.3,48,0,48,0
FL-2734,Light Truck,53594,110,24.4,91,54.6,63.7,106.5,3.38,11,51,0,36,0
FL-2735,Rigid Truck,343044,92,90.1,20.8,60.9,86.4,85,1.09,4.1,153,1,59,0
FL-2736,Rigid Truck,373646,284,64.5,62.5,60.3,31.8,94.3,2.07,8,76,0,41,0
FL-2737,Utility Pickup,271024,456,72.4,21.4,81.8,44.2,91.5,1.63,4,93,1,66,0
FL-2738,Rigid Truck,177707,209,26.1,96.7,56.9,87.1,105.5,3.39,11.7,19,1,57,0
FL-2739,Heavy Truck,429055,204,42.5,75.1,62.7,61.4,99.3,2.57,9.5,169,1,66,1
FL-2740,Utility Pickup,124055,226,30.1,72,49.6,31.9,103.8,3.14,9,36,0,44,0
FL-2741,Utility Pickup,493207,368,46.3,40.8,26.1,53.4,97.7,2.69,6.1,151,1,78,1
FL-2742,Mini Truck,332562,425,51,70.2,44.5,89.6,96.2,2.44,9,123,1,62,1
FL-2743,Light Truck,393250,251,79.9,23.2,58.3,40.8,87.1,1.28,4.3,165,1,69,1
FL-2744,Light Truck,371372,357,52.4,95.5,69.2,52.6,97.2,2.31,11.4,64,0,33,0
FL-2745,Rigid Truck,453365,400,44.7,44.6,39,64.5,100.6,2.66,6.2,78,1,77,1
FL-2746,Heavy Truck,467144,358,57.8,63.3,48,31,94.5,2.29,8.2,75,0,43,0
FL-2747,Mini Truck,320423,337,79.3,54,67,50.2,89.5,1.51,7.5,126,1,58,0
FL-2748,Light Truck,377879,243,33.6,27.8,75.1,33.6,102.2,3.14,4.8,173,1,82,1
FL-2749,Mini Truck,208257,224,91.8,93.5,55.4,32.1,83.8,1.08,11.3,52,0,22,0
FL-2750,Mini Truck,135243,323,96.1,24,71.1,41.1,82.1,0.94,4.1,79,1,56,0
FL-2751,Mini Truck,399476,179,69.5,56.9,59.9,39.7,90.7,1.83,7.8,131,1,64,1
FL-2752,Utility Pickup,226696,386,31.4,82,73.9,44.6,105.3,3.03,10.1,131,1,63,1
FL-2753,Mini Truck,319818,160,50.6,68.8,82.7,81.2,96.4,2.41,9,16,0,33,0
FL-2754,Heavy Truck,60380,131,31.3,60.7,49,79.4,105.1,3.19,8.1,150,1,68,1
FL-2755,Mini Truck,506353,396,88.9,23.7,62.5,82.2,86.2,1.13,4,4,1,64,1
FL-2756,Mini Truck,329859,341,44.1,59.8,74.3,83,99.7,2.57,7.8,34,0,39,0
FL-2757,Light Truck,107705,258,53.3,37,65.6,42.3,97.4,2.19,5.7,166,1,68,1
FL-2758,Heavy Truck,108998,130,87.6,24.3,79.2,98.8,84.6,1.26,4.3,77,0,30,0
FL-2759,Mini Truck,123531,123,65.6,23.3,28,81.2,92.9,1.85,4.4,118,1,67,1
FL-2760,Heavy Truck,374200,381,25.7,31.4,38.9,75.7,106.4,3.44,5.1,86,0,58,0
FL-2761,Heavy Truck,21005,355,29.2,88.3,90.3,76.1,103.7,3.29,10.9,41,0,29,0
FL-2762,Light Truck,197364,197,88.4,98.9,79.3,49.9,86.2,1.22,11.7,116,1,40,0
FL-2763,Mini Truck,300086,388,88.2,65.4,79.2,54.9,85.1,1.23,8.5,101,1,48,0
FL-2764,Rigid Truck,247929,288,26.4,53.3,31.3,96.8,104.4,3.34,7.2,142,1,75,1
FL-2765,Utility Pickup,160854,339,85.2,91.1,59.7,73,86.4,1.16,11,21,0,16,0
FL-2766,Heavy Truck,389584,340,86,62.5,38.8,72.5,87.2,1.06,8.2,152,1,55,0
FL-2767,Heavy Truck,328528,339,38,49.4,51.9,48.5,100.5,2.94,6.7,68,0,49,0
FL-2768,Rigid Truck,357651,106,80.6,55.3,87.9,34.4,87.7,1.35,7.5,41,1,56,1
FL-2769,Mini Truck,471138,289,22.8,96.9,89.7,85.9,107.4,3.39,11.7,4,0,36,0
FL-2770,Light Truck,335175,419,69.5,61.1,94,46.9,91.8,1.74,8.1,43,0,30,0
FL-2771,Utility Pickup,394032,204,64,79.9,58.8,90.9,94.9,1.86,10.1,3,0,31,0
FL-2772,Utility Pickup,175235,234,62.5,97.6,57.4,32.8,93.9,1.98,11.9,156,1,53,1
FL-2773,Utility Pickup,40017,457,60.9,84.6,64.3,87.3,95.1,2.01,10.4,34,0,23,0
FL-2774,Light Truck,92336,446,70.5,25.7,66.3,95.6,91.8,1.83,4.5,134,1,59,1
FL-2775,Utility Pickup,372013,448,44.5,22.5,58.5,56.4,101.1,2.58,4.2,145,1,79,1
FL-2776,Rigid Truck,98937,440,30.2,42.2,68.6,62.8,105.6,3.09,6.2,98,1,72,1
FL-2777,Rigid Truck,453581,213,69.4,36.7,29.4,51.4,91.6,1.71,5.7,96,1,72,1
FL-2778,Mini Truck,86608,180,30.4,55.8,42.6,85.1,103.9,3.02,7.5,12,0,46,0
FL-2779,Rigid Truck,70992,340,77,44.5,56.2,42.3,90,1.64,6.4,18,0,34,0
FL-2780,Utility Pickup,242471,304,46,89.9,45.2,76,98,2.51,10.8,101,1,59,0
FL-2781,Rigid Truck,422711,449,44.7,59.1,61.2,35.2,100.2,2.62,7.6,42,0,47,0
FL-2782,Heavy Truck,229662,133,20.6,84,88.1,33,108.4,3.46,10.4,140,1,67,1
FL-2783,Mini Truck,302078,217,19.2,60.7,54.9,95.1,109.2,3.49,8.1,122,1,73,1
FL-2784,Light Truck,438415,104,74.6,79,73.2,90.7,90.6,1.65,9.9,169,1,50,1
FL-2785,Utility Pickup,50725,92,20.4,59.4,53.1,31.6,108.4,3.58,7.7,150,1,76,1
FL-2786,Mini Truck,28453,428,47.5,88.8,29.1,93.7,99.4,2.66,10.7,96,1,56,1
FL-2787,Rigid Truck,427337,125,29.8,84.2,29.8,41.1,105,3.07,10.4,14,0,51,0
FL-2788,Heavy Truck,241630,114,80.9,76.2,80.3,32.2,87.4,1.35,9.7,76,0,27,0
FL-2789,Rigid Truck,359068,390,36.1,22.5,83.7,90.3,101.4,2.79,4.2,85,0,50,0
FL-2790,Mini Truck,77418,214,84.9,57.7,39.2,77.4,87.4,1.15,7.8,38,0,27,0
FL-2791,Rigid Truck,322004,171,63.5,90.3,91.5,96.4,93.2,2.04,11.2,43,0,20,0
FL-2792,Heavy Truck,555306,202,94.3,56.8,45.6,69.9,83.4,0.88,7.7,69,0,35,1
FL-2793,Mini Truck,114086,96,97.7,90.7,68.9,79.7,82.5,0.83,11.2,109,1,34,0
FL-2794,Utility Pickup,159688,417,40.3,82.9,31.1,76.4,101.7,2.75,10.3,14,0,37,0
FL-2795,Utility Pickup,175600,161,82.5,36.8,49.1,60.7,87.2,1.31,5.5,23,0,36,0
FL-2796,Rigid Truck,546553,303,53.3,62.8,60,79,97.5,2.34,8.1,101,1,65,1
FL-2797,Rigid Truck,123146,110,66.2,38.6,32.7,87.9,92.5,1.78,5.6,24,0,40,0
FL-2798,Mini Truck,558319,134,33.8,48.4,28.8,50.9,104.4,2.9,6.7,136,1,84,1
FL-2799,Mini Truck,237631,260,29.8,93.5,66.8,34.8,105.9,3.02,11.4,110,1,65,1
FL-2800,Mini Truck,337516,427,96.5,77.9,63.1,95.3,83.8,0.77,9.9,21,0,18,0
FL-2801,Light Truck,441272,440,89.2,73.6,45.7,48.5,85.2,1.21,9.4,43,0,30,0
FL-2802,Rigid Truck,95189,215,59.3,50.4,82.7,72,94.2,2.06,7.1,58,0,34,0
FL-2803,Mini Truck,430355,212,72.9,79.7,76.3,61.7,91.7,1.56,9.8,27,0,28,0
FL-2804,Rigid Truck,391806,252,71.3,25.3,66.5,43,90.2,1.57,4.5,152,1,68,1
FL-2805,Utility Pickup,448496,167,57.5,20.8,38.3,43.9,94.8,2.04,4,114,1,78,1
FL-2806,Heavy Truck,333716,346,75.4,54.3,82.3,51.3,91.2,1.53,7.2,19,0,31,0
FL-2807,Utility Pickup,291901,350,30.4,29,82.5,42.8,104.5,3.28,4.7,160,1,76,0
FL-2808,Light Truck,327674,108,25.8,59.7,34.3,41.6,106.8,3.25,7.7,156,1,77,1
FL-2809,Rigid Truck,329866,197,40.8,93.2,49.1,84.9,100.5,2.78,11.2,3,1,61,1
FL-2810,Utility Pickup,123175,448,20.8,33.3,90.1,30.5,106.9,3.36,5.4,89,0,51,0
FL-2811,Rigid Truck,480478,427,22.3,90.9,56.4,38.3,108.2,3.42,10.9,50,0,47,1
FL-2812,Mini Truck,461423,125,67,52.4,38,50.6,92.5,1.93,7.2,140,1,67,1
FL-2813,Heavy Truck,439405,126,60.3,97.7,30.7,37.7,95.9,2.01,11.8,137,1,59,1
FL-2814,Heavy Truck,515456,310,77.8,26.1,27.4,49.8,88.9,1.47,4.4,161,1,72,1
FL-2815,Mini Truck,106643,210,35.6,39.8,87.2,76.7,102.2,2.92,5.9,113,1,66,1
FL-2816,Light Truck,494928,344,97.5,29.2,48.8,43,83.9,0.88,4.8,107,1,66,1
FL-2817,Rigid Truck,495197,305,92.8,81.7,76.2,85.1,82.9,0.93,10,4,0,19,0
FL-2818,Mini Truck,44058,211,66.5,21.7,40.1,30.9,92.9,1.94,3.9,39,0,46,1
FL-2819,Rigid Truck,209204,89,47.2,34.2,79.2,44.1,98.8,2.67,5.2,130,1,69,1
FL-2820,Heavy Truck,485793,295,41.3,53.3,29.6,79,99.9,2.79,7.3,50,0,52,1
FL-2821,Utility Pickup,396299,133,86.4,79.4,87.1,34.1,86.8,1.04,9.9,129,1,50,1
FL-2822,Rigid Truck,227436,313,78.1,45.7,86.5,86.6,87.8,1.35,6.3,40,1,54,1
FL-2823,Light Truck,209661,220,24.7,48.5,78.2,97.8,107.5,3.27,6.6,59,0,45,0
FL-2824,Mini Truck,527245,171,26.3,65.3,81.5,41.5,107,3.43,8.4,26,1,75,1
FL-2825,Light Truck,321469,304,52.6,66.5,49.4,37.6,97.8,2.51,8.5,96,1,66,1
FL-2826,Mini Truck,434131,120,62.7,35.4,35.9,34.8,93.2,2.09,5.5,145,1,76,1
FL-2827,Light Truck,491785,132,64.1,31,44.8,89.4,94.9,2.03,4.8,119,1,70,1
FL-2828,Mini Truck,257579,109,34.5,36.2,62.5,36.4,103.2,2.85,5.4,64,0,55,0
FL-2829,Utility Pickup,227715,399,31.8,49.6,62.5,60.8,104.7,2.96,7,123,1,73,1
FL-2830,Light Truck,68779,176,20.5,85.6,32.8,35.4,106.7,3.56,10.5,125,1,69,1
FL-2831,Rigid Truck,421987,324,48.3,85.2,86.2,84.4,97.5,2.42,10.5,118,1,54,0
FL-2832,Light Truck,111944,400,38.2,82.3,50.3,50.8,100.9,2.72,10.1,15,0,37,1
FL-2833,Heavy Truck,356705,293,38.2,98,27.8,94.8,100.5,2.93,11.7,87,0,35,0
FL-2834,Mini Truck,146054,274,23.6,77.6,46.9,55.8,107.1,3.29,9.6,147,1,69,1
FL-2835,Heavy Truck,98699,451,39.4,83,64.9,92.3,101,2.93,10.3,88,0,30,0
FL-2836,Rigid Truck,508740,433,57.1,96.1,56.7,71.3,95.2,2.21,11.5,63,1,58,0
FL-2837,Light Truck,180431,378,42.7,65.2,91.2,50.2,99.6,2.64,8.6,67,0,37,1
FL-2838,Mini Truck,52060,160,53.9,55,61.8,91.3,96.7,2.4,7.2,124,1,57,0
FL-2839,Heavy Truck,182855,114,47.2,60.3,86.6,63.1,97.7,2.59,8,74,0,37,0
FL-2840,Utility Pickup,396383,124,23.6,72,49.1,60.1,106.2,3.47,9.1,120,1,72,1
FL-2841,Rigid Truck,202260,310,63.3,23.6,83,91.5,94.8,2.01,4.1,113,1,63,1
FL-2842,Utility Pickup,343351,335,35.7,35.2,36.9,52,102.2,2.85,5.3,12,1,81,1
FL-2843,Light Truck,529872,318,32.1,54.8,30.3,60.3,104.6,2.93,7.2,53,1,78,1
FL-2844,Light Truck,39091,117,76.8,98,45.1,81.8,88.4,1.63,11.9,113,1,44,1
FL-2845,Mini Truck,337117,300,41.2,75.7,90.7,34,99.8,2.81,9.5,44,0,38,0
FL-2846,Utility Pickup,434817,181,37.8,23.1,62.4,77,102,2.99,4,166,1,80,1
FL-2847,Heavy Truck,385491,220,62,54.1,39.1,34.9,94.3,1.98,7.2,108,1,70,1
FL-2848,Utility Pickup,429443,239,18.2,22,26.5,63.2,109.2,3.67,4,167,1,91,1
FL-2849,Heavy Truck,274781,115,73.2,67.5,48.4,64.9,89.4,1.62,8.6,22,0,33,0
FL-2850,Light Truck,470078,177,60.5,92.2,86,55.3,94.9,2.16,11.2,4,0,30,0
FL-2851,Heavy Truck,125635,323,59.9,58,41,59.2,95.2,1.99,7.6,45,0,40,0
FL-2852,Utility Pickup,474214,114,88.3,80.2,96,42.2,86.2,1.25,10.1,163,1,47,1
FL-2853,Light Truck,211737,89,41.8,78.9,70.9,39.6,99.2,2.67,10,119,1,63,1
FL-2854,Mini Truck,287361,439,92.3,38.8,32.9,89.7,83.4,0.93,5.7,125,1,58,1
FL-2855,Light Truck,305628,182,83,42.9,67.1,81.5,86.2,1.4,6,18,0,31,0
FL-2856,Rigid Truck,66404,436,71.4,81.9,56.6,78.5,90.6,1.66,10.2,12,0,22,0
FL-2857,Heavy Truck,543584,445,72.1,40.7,80.6,62.9,90.2,1.64,5.9,160,1,64,0
FL-2858,Utility Pickup,447731,216,24.6,82.8,48.2,79.3,106.3,3.47,10.4,140,1,68,0
FL-2859,Heavy Truck,139123,95,46.6,64.7,64.9,73.1,98,2.57,8.3,60,0,38,0
FL-2860,Rigid Truck,333063,316,44.2,98.5,61.9,30.8,100.8,2.74,11.8,92,1,60,1
FL-2861,Utility Pickup,135876,408,89.2,73.9,86,85.1,84.9,0.97,9.5,58,0,16,0
FL-2862,Heavy Truck,147854,130,27.5,37.8,76.8,49.2,105.9,3.34,5.5,157,1,72,1
FL-2863,Light Truck,449000,317,39.5,77.3,42.1,44.1,100.7,2.73,9.6,6,0,48,1
FL-2864,Utility Pickup,168333,94,70.4,26.2,47.5,69.3,92.2,1.65,4.6,82,1,64,0
FL-2865,Heavy Truck,406723,189,21.5,72.1,26.9,49.6,107.7,3.32,9,10,1,77,1
FL-2866,Utility Pickup,377169,222,79.1,58.1,32.5,58.1,89.3,1.4,7.8,170,1,62,1
FL-2867,Rigid Truck,502847,304,67.3,58.5,94.1,67.3,91.1,1.85,7.7,145,1,56,0
FL-2868,Rigid Truck,467892,454,36.4,58.3,59.1,77.9,103,3.05,7.7,34,0,45,0
FL-2869,Mini Truck,549362,192,72,93.5,40.7,83.4,89.5,1.74,11.5,141,1,54,0
FL-2870,Light Truck,462378,414,81.6,78.1,28.1,85.3,88.3,1.26,9.6,103,1,54,0
FL-2871,Light Truck,505679,374,26.3,90.4,60.1,60.8,106.3,3.14,11,132,1,68,1
FL-2872,Mini Truck,121797,437,73.3,76.8,83.9,44.5,90.3,1.52,9.5,111,1,50,0
FL-2873,Light Truck,277672,138,70.2,23.6,84.3,97.2,90.1,1.76,4.1,68,0,37,0
FL-2874,Light Truck,122498,227,94.6,38.6,72.6,42.8,82.5,0.78,5.8,96,1,55,0
FL-2875,Mini Truck,206343,439,46.6,27.1,88.7,63.1,98.7,2.59,4.6,147,1,68,1
FL-2876,Mini Truck,45221,401,39.2,41,67.6,58.5,101.8,2.84,6,161,1,70,1
FL-2877,Light Truck,215953,260,29.4,85,64.9,63.6,105.3,3.07,10.3,156,1,61,1
FL-2878,Heavy Truck,389588,359,50.8,48.3,70.1,44.6,99,2.55,6.6,6,0,46,0
FL-2879,Mini Truck,383856,446,41.2,38.8,74.4,93.1,99.6,2.73,5.8,57,0,47,0
FL-2880,Mini Truck,290616,345,22.8,97.1,27.9,60,107,3.46,11.7,149,1,70,0
FL-2881,Light Truck,270361,370,81.2,47.6,55.1,81.2,88.1,1.37,6.8,170,1,56,1
FL-2882,Mini Truck,278214,250,35.6,81.3,27.3,52.3,101.9,3.1,10,151,1,70,1
FL-2883,Heavy Truck,283880,190,77.7,64.8,92.3,57.2,89.9,1.62,8.4,53,0,28,0
FL-2884,Mini Truck,175974,390,79,89.8,56.5,98.8,90.2,1.57,11.1,89,0,18,0
FL-2885,Utility Pickup,90209,230,37.3,46,90.3,44.8,100.8,2.94,6.6,168,1,65,0
FL-2886,Rigid Truck,91071,400,77.2,58.4,34.8,78.7,88.2,1.5,7.7,107,1,56,0
FL-2887,Light Truck,105081,261,88.4,64.1,39.4,85.4,86.6,1.22,8.3,173,1,47,0
FL-2888,Mini Truck,171417,239,84.7,80,50.3,91.3,86.4,1.35,10.1,138,1,46,0
FL-2889,Rigid Truck,96424,407,34.5,32.1,25.7,39.9,102.6,2.94,5.3,15,1,82,1
FL-2890,Light Truck,34661,193,89.4,97.9,52.2,39.2,84.3,1.07,11.9,27,0,19,0
FL-2891,Light Truck,382928,400,58.5,29.1,55.7,87.9,96.1,2.12,4.9,92,1,69,1
FL-2892,Light Truck,67032,198,30.7,40.9,68.6,79.1,103.4,3.15,5.8,165,1,68,1
FL-2893,Utility Pickup,524209,440,79.5,44.5,61.4,66.2,88.7,1.55,6.4,120,1,61,1
FL-2894,Heavy Truck,22360,398,54.9,97.1,34.5,37.3,96.7,2.42,11.8,135,1,56,0
FL-2895,Mini Truck,250427,158,27.5,67.2,77.7,54.5,104.6,3.11,8.7,9,0,45,0
FL-2896,Rigid Truck,188616,353,79.3,29.1,79,31.2,90,1.3,4.7,24,0,38,0
FL-2897,Heavy Truck,421648,105,67.3,51.4,72.1,90.6,93.8,1.76,6.9,87,0,34,0
FL-2898,Light Truck,334989,309,87.9,47.2,83.1,52.7,86.6,1.26,6.4,11,0,29,0
FL-2899,Mini Truck,166576,304,63.4,77.3,92.8,76.3,93.6,2.1,9.7,125,1,47,1
FL-2900,Rigid Truck,506423,117,30.4,37.4,72.5,54.5,104.1,3.12,5.7,18,0,57,0
FL-2901,Mini Truck,336773,162,45,69.7,81.6,90.6,100,2.77,8.9,20,0,34,0
FL-2902,Mini Truck,371897,174,20.9,51.8,79.5,63.8,108.3,3.52,6.9,20,0,51,0
FL-2903,Light Truck,460171,262,42.8,48.2,39,88.5,100.1,2.75,6.7,29,0,50,0
FL-2904,Utility Pickup,153765,179,49.8,24.6,42.7,70.2,98.2,2.44,4.4,45,0,48,1
FL-2905,Utility Pickup,359321,111,36.3,55.8,56.7,37.4,103.8,2.78,7.4,68,0,51,0
FL-2906,Mini Truck,227176,249,63.3,59.1,67.5,70.4,94.4,1.87,7.7,43,0,33,0
FL-2907,Utility Pickup,305625,108,72.6,68.1,57.1,71.4,90.1,1.58,8.9,169,1,54,0
FL-2908,Light Truck,359248,97,95.7,63.9,87.8,76.2,83.3,0.82,8.4,60,0,22,0
FL-2909,Mini Truck,298090,325,39.3,71.1,77.4,42.9,101.8,2.74,9,70,0,39,0
FL-2910,Heavy Truck,289940,109,53.6,37,68.9,65.7,96.7,2.31,5.6,12,0,45,0
FL-2911,Heavy Truck,213975,297,54.1,33.6,77.5,54.2,95.5,2.3,5.1,13,0,45,0
FL-2912,Light Truck,381562,155,69.4,51,90.5,95.2,90.6,1.79,6.9,64,0,32,0
FL-2913,Utility Pickup,301611,296,20.9,27,76.3,80.6,106.8,3.33,4.4,47,0,54,0
FL-2914,Heavy Truck,378482,453,63.9,35.4,38.2,75.9,92.3,1.89,5.3,101,1,68,1
FL-2915,Light Truck,320199,260,75,66.8,88.9,97.8,88.6,1.69,8.8,162,1,49,0
FL-2916,Heavy Truck,544190,229,61.1,26.6,31,40.6,93.2,2.1,4.7,142,1,79,1
FL-2917,Rigid Truck,451572,272,43.2,98.9,36.1,97.9,101.5,2.59,12,140,1,60,1
FL-2918,Light Truck,66652,121,51.1,36.4,89.5,94.2,98.1,2.39,5.4,80,0,36,0
FL-2919,Heavy Truck,265706,155,70.5,89,93.9,73,91.9,1.63,10.9,10,0,22,0
FL-2920,Rigid Truck,72674,128,22.4,89.9,88.5,48.4,105.6,3.31,11.1,95,1,59,1
FL-2921,Heavy Truck,500232,386,49.6,43,64.6,82.2,99.5,2.37,6.4,51,0,48,0
FL-2922,Heavy Truck,529119,192,72.2,37.2,31.7,78.3,91.1,1.56,5.5,170,1,70,1
FL-2923,Light Truck,62084,342,28.1,28.9,48.9,76.2,105.2,3.35,4.6,29,0,52,0
FL-2924,Mini Truck,541126,420,64.9,46.8,34.4,47.4,93.1,1.82,6.8,125,1,72,1
FL-2925,Light Truck,476591,435,55.7,79.1,39,71.9,97.5,2.31,9.8,5,0,41,0
FL-2926,Rigid Truck,484477,356,90.9,94.3,88,63.7,84,0.88,11.2,165,1,41,0
FL-2927,Utility Pickup,264375,406,31.4,39.9,28.4,68,103.5,3.04,5.7,131,1,79,1
FL-2928,Utility Pickup,263750,241,32.6,59.2,64.3,99,103.4,3.2,7.6,25,1,66,0
FL-2929,Utility Pickup,514091,157,29.8,78.4,77.9,40.5,103.3,3.29,9.7,154,1,69,1
FL-2930,Light Truck,433080,234,48.7,49.2,89.7,75.3,98.8,2.63,7,143,1,66,0
FL-2931,Rigid Truck,207754,343,34.3,41.2,61.4,34.5,103.2,3.07,6.1,99,1,75,1
FL-2932,Heavy Truck,458495,110,67.4,60.6,49.6,53.6,93.1,1.87,8.1,160,1,66,1
FL-2933,Heavy Truck,419618,89,30.2,59.7,65,74.9,105.5,3.17,7.9,56,0,49,0
FL-2934,Utility Pickup,217469,354,32.5,55.1,56.6,54.6,103.9,2.95,7.6,40,0,47,0
FL-2935,Heavy Truck,77604,368,74.6,83,70.3,37,91.5,1.47,10.3,76,0,26,0
FL-2936,Mini Truck,218145,116,80.2,83,45.6,63.3,89.2,1.49,10.1,112,1,50,0
FL-2937,Mini Truck,500426,295,95.4,31.8,86.2,62.2,83.4,0.84,5,53,0,33,0
FL-2938,Heavy Truck,246275,237,97.7,43.4,53.5,61.4,83.8,0.85,6.2,73,0,30,0
FL-2939,Light Truck,421777,182,85.2,47.2,34.8,47.8,87.9,1.14,6.6,100,1,63,1
FL-2940,Utility Pickup,30525,130,64.1,88.7,62.9,56.7,92.8,1.83,10.7,57,0,24,0
FL-2941,Utility Pickup,66036,214,35,37.4,34.3,57,101.9,2.94,5.5,69,0,50,1
FL-2942,Rigid Truck,147727,123,68,62.6,87.4,78.4,92,1.95,8,36,1,52,0
FL-2943,Utility Pickup,409403,300,84,46.9,92.5,47.9,88.4,1.13,6.5,115,1,57,1
FL-2944,Mini Truck,361297,141,80.3,79,69.3,48.3,88.2,1.42,9.7,85,0,29,0
FL-2945,Heavy Truck,205558,113,28.9,98.8,72.3,90.7,103.4,3.13,11.8,41,0,33,0
FL-2946,Mini Truck,421619,134,69.6,47.2,91.6,36.9,92,1.81,6.6,53,0,39,0
FL-2947,Utility Pickup,525132,341,74.9,46.5,55.7,36.4,90.1,1.46,6.5,136,1,69,0
FL-2948,Utility Pickup,369770,206,89.7,56.4,77.8,49.6,84.6,1.09,7.7,98,1,52,0
FL-2949,Utility Pickup,288784,384,31.6,69.7,69.3,58,104.6,2.99,9.1,113,1,65,1
FL-2950,Utility Pickup,107788,126,74.8,72.4,81.7,72,89.3,1.52,9.3,173,1,47,0
FL-2951,Rigid Truck,190595,171,59.8,64.8,68,74.6,93.9,2.05,8.5,95,1,54,0
FL-2952,Light Truck,536700,337,30,51.2,64.7,83,104.1,3.17,7.1,39,0,52,0
FL-2953,Heavy Truck,185174,160,57.4,63.8,74.1,90.1,94.5,2.12,8.5,126,1,53,1
FL-2954,Rigid Truck,208826,369,74.5,74.4,33,86.7,89.9,1.68,9.4,122,1,54,0
FL-2955,Rigid Truck,196866,259,39.3,85.4,37.3,95,101.3,2.77,10.5,116,1,60,0
FL-2956,Utility Pickup,225016,362,73.3,24.2,33.2,78.4,90.2,1.74,4.1,138,1,67,1
FL-2957,Rigid Truck,108890,427,97.3,78.9,70.3,62,83.8,0.7,9.9,145,1,40,0
FL-2958,Rigid Truck,163101,348,69.2,45.9,90.9,31.4,91.9,1.67,6.6,16,1,58,1
FL-2959,Light Truck,329375,122,78,45.3,47.7,93.8,87.8,1.38,6.5,144,1,60,1
FL-2960,Utility Pickup,370844,348,56,36,66.1,40.1,97.4,2.17,5.5,70,1,73,1
FL-2961,Heavy Truck,445612,406,92.5,26.3,35.7,41.6,85.4,0.95,4.6,108,1,69,1
FL-2962,Mini Truck,467590,379,73.2,26.3,93.9,72.8,90.1,1.62,4.3,79,0,39,0
FL-2963,Heavy Truck,136552,364,31,70.7,73.1,90,104.1,3.07,8.8,136,1,62,0
FL-2964,Light Truck,80360,131,47.1,51,27.1,55.8,100,2.45,6.9,63,0,44,0
FL-2965,Utility Pickup,117863,305,59.4,81.1,89.3,63.2,96.3,2.16,9.9,111,1,48,0
FL-2966,Mini Truck,230826,241,35.3,81.8,59.8,97,101.8,2.92,10.2,30,0,33,0
FL-2967,Heavy Truck,166826,361,73.9,89.8,29.2,43.5,89.5,1.63,11,141,1,54,0
FL-2968,Heavy Truck,448237,180,89.1,98.9,58.5,30.1,86.7,0.96,12,121,1,47,0
FL-2969,Heavy Truck,148807,265,26.2,55.7,75.6,67.7,104.7,3.35,7.6,68,0,43,0
FL-2970,Heavy Truck,303333,123,35.2,36.6,95.7,96.7,101.5,3.09,5.6,81,0,43,0
FL-2971,Mini Truck,212905,211,26.7,93.5,79.1,34.7,105.4,3.33,11.3,119,1,62,1
FL-2972,Heavy Truck,60809,149,70.2,54.1,33.2,32.8,92,1.63,7.5,93,1,64,1
FL-2973,Mini Truck,404422,335,94,87.9,88.8,53.3,83.3,0.85,10.6,152,1,43,0
FL-2974,Mini Truck,409113,318,96.1,26.8,35.8,40.2,81.9,0.85,4.5,83,0,44,0
FL-2975,Utility Pickup,521776,120,35.4,98.1,55.2,30.1,101.9,2.89,11.6,114,1,65,1
FL-2976,Rigid Truck,76089,105,72.8,50.4,72,93.7,90,1.52,6.8,144,1,50,0
FL-2977,Mini Truck,437060,238,83.9,41.9,66.5,89.4,87.3,1.12,6.1,113,1,58,1
FL-2978,Utility Pickup,149721,195,45.5,94.8,93.3,79.9,98.9,2.67,11.7,100,1,49,0
FL-2979,Heavy Truck,54516,277,88.3,60.3,58.9,74.9,86.9,1.17,7.8,16,1,47,0
FL-2980,Rigid Truck,549063,439,28.3,57.2,67.8,52.9,105.6,3.32,7.6,63,0,52,0
FL-2981,Heavy Truck,314945,254,48.4,84.3,45,35,98.9,2.51,10.5,159,1,64,1
FL-2982,Mini Truck,456286,147,61.6,85.6,85.4,88.5,94,2.18,10.6,20,0,28,0
FL-2983,Rigid Truck,278594,130,55,66,68.5,37.7,95.8,2.25,8.6,88,0,37,0
FL-2984,Rigid Truck,158121,87,92,28.1,59.4,95.6,83.1,0.93,4.6,47,0,31,0
FL-2985,Heavy Truck,540407,303,94.6,55.2,90.4,96.4,83.8,0.81,7.3,126,1,46,0
FL-2986,Mini Truck,264998,219,89,63.6,66.2,59.4,84.2,1.06,8.2,42,0,25,0
FL-2987,Heavy Truck,327757,261,58.1,22.1,68.1,60.1,94.1,2.3,4.2,38,0,46,0
FL-2988,Mini Truck,67245,118,61.6,84.7,34.5,44.7,92.8,1.98,10.5,70,1,58,0
FL-2989,Rigid Truck,369725,355,67.1,61,36.5,51.2,92.9,1.71,8.1,28,0,39,0
FL-2990,Utility Pickup,283833,283,66.7,38.6,53.8,86.5,93,1.89,5.7,141,1,63,0
FL-2991,Heavy Truck,512082,262,77,58,43.1,30.9,89.5,1.46,7.8,41,0,41,0
FL-2992,Heavy Truck,98303,374,89.6,21.9,36,92.6,86,1.08,4.1,89,0,35,0
FL-2993,Utility Pickup,355343,354,67.1,62.8,25.2,98.5,91.9,1.81,8.1,171,1,62,1
FL-2994,Rigid Truck,366854,325,90.1,34.8,85.5,80.3,86,1.14,5.5,75,0,31,0
FL-2995,Rigid Truck,354305,354,37.2,36.8,32.6,69.4,102.2,2.96,5.4,37,0,55,0
FL-2996,Mini Truck,431588,199,84.9,78.1,41.1,95.3,85.4,1.09,9.6,155,1,50,0
FL-2997,Rigid Truck,235408,168,96,65.4,83.7,81.2,83.1,0.76,8.3,43,0,19,0
FL-2998,Utility Pickup,324723,88,31.4,31.5,42.7,30.8,104.4,3.05,4.9,62,0,58,1
FL-2999,Heavy Truck,90205,442,42.6,91.7,82.9,65.3,101,2.75,11.2,146,1,53,0
FL-3000,Utility Pickup,374963,192,47.8,31.9,87.3,78.5,99,2.4,5,110,1,67,1
FL-3001,Heavy Truck,76085,329,96.6,45.5,25.3,32.4,82.8,0.71,6.5,101,1,58,1
FL-3002,Light Truck,364633,208,97.4,30.9,62.4,79.8,83.6,0.94,5.1,56,0,33,0
FL-3003,Mini Truck,204155,435,25.5,25.9,44.7,93,106.3,3.23,4.3,169,1,79,1
FL-3004,Rigid Truck,285069,171,91.7,73.4,26.8,73.4,85.3,1.07,9.3,76,0,29,0
FL-3005,Utility Pickup,408601,103,96.4,74.2,40.7,37.5,84.5,0.94,9.3,92,1,51,1
FL-3006,Light Truck,294399,139,79.9,88.3,63.4,69.5,89.1,1.35,10.8,162,1,46,0
FL-3007,Light Truck,384689,218,37.2,24.1,79.9,64.5,102.9,2.9,4.4,151,1,76,1
FL-3008,Mini Truck,93820,439,88.7,46.7,28.8,86.6,84.7,0.98,6.5,154,1,56,0
FL-3009,Rigid Truck,321008,363,81.9,30.9,70.7,88.3,88.6,1.47,4.8,143,1,58,1
FL-3010,Light Truck,426121,131,64.3,62.7,67.9,44.3,93.1,2.04,8.4,109,1,62,1
FL-3011,Rigid Truck,76665,394,90.6,81.2,40.9,85,83.9,1.15,10.2,171,1,44,0
FL-3012,Mini Truck,162800,202,37.6,90.1,56.7,68.6,101.4,2.79,11.1,115,1,58,0
FL-3013,Mini Truck,135356,404,73.2,30.2,55,61.6,90.6,1.59,4.9,76,0,39,1
FL-3014,Heavy Truck,523957,157,57.4,59.5,86.6,57.3,94.6,2.33,8.1,120,1,63,1
FL-3015,Mini Truck,463336,324,55.5,45.9,37.9,80.7,97.4,2.4,6.7,89,1,69,1
FL-3016,Light Truck,383926,353,67.9,96.9,30.1,91.1,92.9,1.69,11.8,81,0,27,0
FL-3017,Heavy Truck,399329,335,48.6,34.5,78.1,77.9,98.3,2.5,5.4,23,0,44,0
FL-3018,Rigid Truck,225709,376,57,46.1,39.6,95.8,95.9,2.19,6.7,151,1,65,1
FL-3019,Rigid Truck,56857,306,22.3,76,90,91.9,105.9,3.45,9.7,95,1,57,0
FL-3020,Utility Pickup,95798,235,57.6,69.6,64,49,96.8,2.28,8.9,10,0,35,0
FL-3021,Light Truck,222234,94,77,43,90.7,82.7,90.1,1.58,6,76,0,29,0
FL-3022,Heavy Truck,521454,375,72.4,90.4,78,72.2,90,1.56,10.9,170,1,52,1
FL-3023,Utility Pickup,88899,340,53.4,61,32.1,40,96.3,2.32,8.1,13,0,42,0
FL-3024,Utility Pickup,154031,456,44,25.1,73.2,60.5,101,2.58,4.6,50,0,48,0
FL-3025,Heavy Truck,54278,184,96.5,70.7,45.7,86.5,81.8,0.85,9,99,1,44,0
FL-3026,Light Truck,309646,345,50.9,24.4,34.1,63.7,96.8,2.39,4.3,168,1,76,1
FL-3027,Heavy Truck,106059,390,75.5,40.1,83.4,81.1,90.8,1.41,5.8,60,0,30,1
FL-3028,Heavy Truck,406179,276,62.8,90.1,30.3,55.5,94.6,2.11,10.8,78,0,37,0
FL-3029,Light Truck,110490,239,50.7,23.7,67.3,32.2,99.2,2.37,4.1,94,1,73,0
FL-3030,Light Truck,396780,154,71.7,98.9,40.1,79.4,91.9,1.81,11.8,79,0,25,0
FL-3031,Utility Pickup,541764,128,45.3,23.7,71.9,58.2,98.9,2.6,4.2,61,0,53,0
FL-3032,Light Truck,194766,235,43.7,21.9,67.7,88.1,100.9,2.63,3.9,95,1,71,1
FL-3033,Mini Truck,238703,203,28.5,77,78.9,98.5,104.8,3.08,9.5,53,0,36,0
FL-3034,Rigid Truck,334863,366,80.7,69,40.4,54.8,88.8,1.47,8.7,162,1,56,0
FL-3035,Rigid Truck,478955,191,93.3,71.9,85.3,97.7,83.8,1.02,9,98,1,42,0
FL-3036,Rigid Truck,123488,161,27.7,63.2,90.7,91.3,105.6,3.18,8.2,156,1,61,0
FL-3037,Rigid Truck,43073,303,86.3,31.5,71.4,78.6,85.4,1.13,5,149,1,52,1
FL-3038,Heavy Truck,422193,340,71.8,85.4,39.5,59.6,91.5,1.82,10.4,135,1,58,1
FL-3039,Heavy Truck,375421,321,47.9,30.2,69.2,31.4,99.2,2.61,5,10,1,76,1
FL-3040,Heavy Truck,330971,383,70,62.6,91.3,87.8,90.6,1.67,8.2,118,1,52,0
FL-3041,Light Truck,309646,414,27.6,62,60.7,42.6,105.6,3.33,8.3,54,0,50,0
FL-3042,Mini Truck,99778,263,38.2,92.6,29,59.5,102.4,3,11.1,81,0,39,0
FL-3043,Utility Pickup,426349,173,19.9,67.9,42.3,52.8,107.3,3.51,8.7,157,1,78,1
FL-3044,Rigid Truck,407021,276,24.4,45.9,79.6,64.4,106.3,3.38,6.3,60,0,51,1
FL-3045,Utility Pickup,554553,446,67.2,60.8,87.3,91.5,91.7,1.9,8.1,78,0,34,0
FL-3046,Rigid Truck,269519,451,92,72,74.7,34.3,83.1,0.97,9.3,24,0,25,0
FL-3047,Mini Truck,513146,350,83.5,54,69.5,78.2,88.7,1.16,7.3,172,1,57,0
FL-3048,Rigid Truck,156430,273,27.4,62.6,95.9,81.8,105.4,3.14,8.3,68,0,39,0
FL-3049,Utility Pickup,148801,354,86.4,32.6,59.3,82,85.2,1.27,5.1,81,1,55,1
FL-3050,Rigid Truck,371565,194,58.5,77.3,64.9,61.4,95.7,2.14,9.5,161,1,56,0
FL-3051,Mini Truck,242186,336,32.5,51.4,54.1,48.7,104.4,3.09,7.2,146,1,75,1
FL-3052,Mini Truck,84648,144,64.9,87.3,77.6,93.4,92.8,1.87,10.6,52,0,19,0
FL-3053,Utility Pickup,55058,128,78.9,23.9,68.9,93.6,87.6,1.39,4.3,86,0,31,0
FL-3054,Heavy Truck,110806,93,54.6,41.4,45,47.2,96,2.31,6.2,77,1,69,1
FL-3055,Utility Pickup,518597,200,78.8,80.5,40,74.9,89.6,1.49,9.9,137,1,57,1
FL-3056,Light Truck,72317,338,22.9,75.6,34.9,52.4,106,3.28,9.7,76,0,47,0
FL-3057,Rigid Truck,63456,403,96.2,68,29.9,45.8,84.7,0.93,8.8,65,0,26,0
FL-3058,Rigid Truck,153437,394,48.9,84.9,40.2,39.4,98.4,2.59,10.5,6,0,36,0
FL-3059,Light Truck,481909,103,67.7,98,56.5,49.4,92.5,1.81,11.9,54,0,31,0
FL-3060,Light Truck,448162,349,43.6,64.4,83.5,64.6,99.4,2.62,8.4,26,0,40,0
FL-3061,Light Truck,204030,90,24,56.7,26.9,71.5,107.6,3.44,7.5,90,0,53,0
FL-3062,Heavy Truck,33677,119,58.4,93.5,92.8,34.9,96.6,2.22,11.5,173,1,48,0
FL-3063,Heavy Truck,79226,250,35.4,70.4,62,59.8,103.8,2.98,8.9,132,1,65,0
FL-3064,Mini Truck,134573,239,29.9,64.2,90.3,80.4,103.7,3.18,8.4,14,1,60,1
FL-3065,Utility Pickup,207589,382,82.4,79.9,70.9,81.2,86.6,1.45,10.1,26,1,42,0
FL-3066,Utility Pickup,512147,265,59.5,30.9,33.8,96.8,95.2,2.11,4.8,53,1,72,1
FL-3067,Mini Truck,380140,178,40,27.8,38.3,63.7,100.6,2.75,4.6,126,1,82,1
FL-3068,Utility Pickup,341118,153,92,69.9,75.4,78.7,84.9,0.91,8.8,171,1,46,0
FL-3069,Mini Truck,556601,198,80.1,20.1,69.2,31.4,88.2,1.46,3.8,79,0,50,1
FL-3070,Light Truck,232627,313,80.4,31.1,64.3,65.5,88.1,1.29,4.9,76,0,36,0
FL-3071,Mini Truck,168522,399,21,25.7,95.8,32.2,107.1,3.46,4.6,95,1,80,1
FL-3072,Mini Truck,311987,288,59.2,79.5,64.3,61.1,93.8,1.99,10,119,1,57,0
FL-3073,Utility Pickup,522692,275,55.8,63.8,37.5,54.6,95.1,2.34,8.5,23,0,47,0
FL-3074,Utility Pickup,427230,160,18.5,88.2,46.9,93,107.7,3.42,10.8,73,1,70,0
FL-3075,Mini Truck,98933,449,72.7,53.1,45.3,81.2,92,1.62,7.3,116,1,57,0
FL-3076,Heavy Truck,35688,363,93.5,39.5,40.2,47.3,82.7,0.98,5.7,113,1,58,0
FL-3077,Heavy Truck,256480,191,71.2,86.2,33.4,97.3,92.3,1.85,10.7,113,1,49,0
FL-3078,Mini Truck,81192,127,66.7,59.5,37.8,99,93.6,1.97,7.9,169,1,56,0
FL-3079,Heavy Truck,380255,285,60.8,68.8,83.8,60.7,94.9,2.18,8.8,78,0,35,0
FL-3080,Utility Pickup,488082,211,42.3,97,82.9,76.6,99.8,2.72,11.8,158,1,57,1
FL-3081,Mini Truck,89961,202,75.4,46.3,50.8,67,90.7,1.42,6.4,118,1,57,0
FL-3082,Mini Truck,239454,199,53.9,80.9,56.1,91,95.6,2.45,10,163,1,53,0
FL-3083,Light Truck,195695,205,82.6,27.9,43.3,66,86.2,1.17,4.7,130,1,63,1
FL-3084,Mini Truck,450261,306,65.3,79.6,60.2,85,93,1.98,9.7,79,0,29,0
FL-3085,Heavy Truck,325360,238,37.1,59.1,57.4,80.7,103,2.78,7.9,171,1,66,1
FL-3086,Mini Truck,380354,364,34.9,27.8,63.1,55.2,102.8,2.87,4.5,33,0,57,1
FL-3087,Mini Truck,77687,353,68.5,22.5,85.3,57.3,91,1.87,4.1,13,1,63,1
FL-3088,Utility Pickup,552216,363,63.3,71.4,57.1,44.6,93.4,2,8.9,113,1,65,1
FL-3089,Light Truck,103613,448,63.8,81.4,86.1,87.3,94.3,1.89,10.2,174,1,45,1
FL-3090,Heavy Truck,508147,244,87.6,70.1,49.5,33.7,85.4,1.03,8.8,62,0,36,0
FL-3091,Rigid Truck,137677,139,43.5,37.7,25.8,87.7,98.8,2.76,5.5,53,1,74,1
FL-3092,Heavy Truck,479107,229,45.4,61.6,74.1,53.8,98.7,2.57,8.3,129,1,68,1
FL-3093,Light Truck,368333,444,38,82.9,51.3,42.3,101,2.98,10.2,131,1,68,1
FL-3094,Heavy Truck,454852,326,36.3,37.2,90.1,49.4,102.2,2.82,5.8,162,1,76,1
FL-3095,Light Truck,239534,347,43.5,97,70.4,82.2,98.6,2.71,11.6,18,0,30,0
FL-3096,Rigid Truck,463606,304,43.1,77.2,78.3,83.4,100.8,2.55,9.6,100,1,61,0
FL-3097,Mini Truck,305433,415,81,83.1,61.7,86.9,88.7,1.23,10.1,68,1,44,0
FL-3098,Heavy Truck,532048,82,41.5,65.5,57,53.5,99.8,2.77,8.6,51,0,48,1
FL-3099,Utility Pickup,392562,264,87.4,28.2,66.7,70.8,86,1.25,4.9,141,1,60,1
FL-3100,Rigid Truck,181324,138,87.5,60.7,63.6,61.8,85.7,1.18,8.2,55,0,26,0
FL-3101,Mini Truck,220400,401,36.1,22.3,80.4,52.9,102.7,3.03,3.9,30,0,52,0
FL-3102,Utility Pickup,262808,412,90.1,50.3,65.9,86.5,86.4,1.18,6.9,50,1,51,1
FL-3103,Light Truck,143728,256,60.7,50,81.1,86.8,93.7,2.18,7,19,0,31,0
FL-3104,Utility Pickup,46039,356,77.1,79.1,59.5,96,88.1,1.52,10,153,1,45,0
FL-3105,Heavy Truck,545129,337,93.6,97.1,88.6,32.1,82.9,1.01,11.8,79,0,18,0
FL-3106,Utility Pickup,79395,142,26.4,24.5,57.7,95.4,104.5,3.14,4.2,58,1,73,1
FL-3107,Rigid Truck,92261,349,70.3,31.4,36.3,91.5,92.4,1.84,4.9,67,0,39,0
FL-3108,Light Truck,279583,439,88.4,97.4,55.1,50.9,86.9,1.19,11.9,172,1,46,0
FL-3109,Light Truck,282743,218,73.7,85.3,80.1,40.9,89,1.5,10.3,111,1,48,0
FL-3110,Utility Pickup,427012,263,51.2,59.4,37.3,78.6,98.7,2.48,7.8,71,0,45,0
FL-3111,Mini Truck,48078,294,73.2,33.1,92.2,38.6,89.7,1.67,5,99,1,56,1
FL-3112,Light Truck,308018,424,24.3,70.9,74.2,66.5,106.9,3.4,8.9,135,1,67,1
FL-3113,Mini Truck,52425,327,53.1,80.3,33.1,35.4,96,2.46,10.2,66,0,39,0
FL-3114,Utility Pickup,160229,323,71.3,86.6,64.3,81.9,92.6,1.57,10.7,22,0,21,0
FL-3115,Light Truck,451690,409,56,51.4,74.7,74,95.5,2.25,6.9,75,0,39,0
FL-3116,Rigid Truck,439790,453,66,72.4,93.5,87.3,93.8,2.04,9.1,57,0,26,0
FL-3117,Light Truck,368407,250,20.4,72.3,73,82.6,108.9,3.34,9.3,26,0,45,0
FL-3118,Utility Pickup,262827,165,18.3,63.7,59.2,68.2,108.4,3.57,8.3,20,0,47,1
FL-3119,Utility Pickup,57431,134,93,64,25.4,49.9,84.7,0.97,8.5,76,1,52,0
FL-3120,Heavy Truck,32602,245,47.6,85,77.6,90.6,100,2.39,10.6,50,0,25,0
FL-3121,Rigid Truck,179031,283,89.2,72.7,53,51,84.9,1.2,9.2,12,0,24,0
FL-3122,Heavy Truck,217541,376,57,32.3,55.9,69.2,95.1,2.16,5.2,77,1,68,0
FL-3123,Rigid Truck,385385,155,38.9,80.8,80.2,36.1,101.2,2.72,10,8,0,42,0
FL-3124,Light Truck,179698,102,45.4,65,66.7,56.1,99.9,2.74,8.6,51,0,37,0
FL-3125,Light Truck,55861,270,55.8,82.8,66,78.9,95.7,2.11,10.4,131,1,50,1
FL-3126,Heavy Truck,29661,401,87.9,66.6,41,84.5,85.1,1.2,8.7,121,1,47,0
FL-3127,Mini Truck,109141,390,85.5,92.5,87.4,56,86.1,1.2,11.1,147,1,40,0
FL-3128,Utility Pickup,115410,420,83.4,21.6,36.8,46.4,88.3,1.23,4.1,69,0,41,0
FL-3129,Heavy Truck,395472,244,72.6,25.9,29.6,41.2,90.1,1.81,4.4,174,1,75,1
FL-3130,Utility Pickup,163705,276,78.8,20.3,74.1,45.2,90.3,1.54,3.7,162,1,64,1
FL-3131,Utility Pickup,384434,80,67.9,35.4,27,52.2,93.5,1.91,5.4,8,0,48,1
FL-3132,Mini Truck,137278,422,83.5,72.4,66.1,48.6,87,1.24,9.4,148,1,47,0
FL-3133,Rigid Truck,164875,446,30,65.8,39.8,98.5,105.8,3.09,8.4,144,1,66,1
FL-3134,Heavy Truck,255331,316,83.1,82.4,52.5,31.2,87.2,1.28,10.2,107,1,51,0
FL-3135,Utility Pickup,312820,392,90.8,55.5,87.2,65.6,84.2,0.97,7.3,24,0,24,0
FL-3136,Utility Pickup,192196,169,18.2,25.7,42.6,67.5,107.9,3.64,4.3,81,0,60,0
FL-3137,Utility Pickup,538229,214,78.3,42.7,94.8,96.8,88.9,1.55,6.3,76,0,32,0
FL-3138,Light Truck,319069,426,37.7,85.1,49.6,30.7,101.1,2.8,10.5,6,1,66,1
FL-3139,Utility Pickup,136052,290,81.9,65.9,47.3,59.5,87,1.26,8.5,36,0,27,0
FL-3140,Utility Pickup,37492,90,37.7,53.8,57,46.5,100.6,2.85,7.1,138,1,69,0
FL-3141,Heavy Truck,553923,405,42.1,57,62.3,38.6,99.4,2.63,7.8,73,0,52,0
FL-3142,Utility Pickup,532834,431,51.9,22.6,80.9,48.9,96.7,2.39,4.2,130,1,76,1
FL-3143,Mini Truck,517468,371,44.7,50.3,62.5,60.6,98.4,2.53,7,83,0,48,0
FL-3144,Utility Pickup,176144,411,30.4,50,45.4,42,103.2,3.27,6.8,23,0,51,1
FL-3145,Rigid Truck,418273,455,18.1,33.3,76.3,71.1,107.8,3.45,5.4,67,0,59,0
FL-3146,Rigid Truck,239651,421,72,51.2,47.4,92.5,90.5,1.81,7.2,158,1,59,0
FL-3147,Mini Truck,432228,267,24,70.8,44.9,90.7,106.1,3.41,9,52,1,72,1
FL-3148,Light Truck,135114,215,95.5,63.6,52.4,93.2,82,1,8.1,130,1,46,0
FL-3149,Heavy Truck,373949,432,37.7,49.6,51.9,63.5,102.4,2.79,6.7,128,1,73,1
FL-3150,Light Truck,301352,240,51,53.5,50.5,45,97.7,2.48,7.1,174,1,71,0
FL-3151,Rigid Truck,212566,379,65,74.2,68.8,48.6,93.6,1.92,9.2,131,1,56,1
FL-3152,Rigid Truck,167497,268,84.4,68.7,30.7,89.6,87.8,1.24,8.6,10,0,26,0
FL-3153,Rigid Truck,41566,161,39.1,33.2,27.1,96.3,100.9,2.96,5,175,1,70,0
FL-3154,Utility Pickup,224460,187,95.3,60.1,67.1,64.2,82.5,0.77,8,129,1,48,0
FL-3155,Rigid Truck,101281,260,53.5,70.6,74.4,65.2,96.6,2.3,8.9,156,1,54,1
FL-3156,Light Truck,37252,419,74.9,20.8,32.1,57.7,90.7,1.55,4.1,88,0,43,0
FL-3157,Light Truck,207838,129,72.3,72.9,34.2,80.3,90.6,1.72,9.4,143,1,53,0
FL-3158,Light Truck,510046,457,20,93.7,87.7,76.5,107.6,3.48,11.3,115,1,65,1
FL-3159,Rigid Truck,25930,347,48.7,81.4,42.6,41.4,97.5,2.43,10,89,0,36,0
FL-3160,Utility Pickup,544587,257,64.7,39.6,62.1,33.9,93.2,1.86,5.9,3,0,46,0
FL-3161,Utility Pickup,447305,305,86,54.7,95.1,56.7,87.5,1.23,7.4,95,1,52,0
FL-3162,Light Truck,540002,190,34.3,78.3,44.4,42.4,102.2,3.03,9.9,52,0,50,0
FL-3163,Mini Truck,233736,357,49.2,23.2,90.5,44.9,96.8,2.36,4.3,14,1,70,1
FL-3164,Light Truck,509505,314,44.1,76.8,34.8,30.7,101.1,2.79,9.7,85,0,47,0
FL-3165,Light Truck,84487,421,36.7,54.7,37.9,66.6,102.9,2.97,7.6,69,0,46,0
FL-3166,Rigid Truck,191793,425,31.9,62.4,57.9,46.5,104,3.08,8.3,116,1,72,0
FL-3167,Heavy Truck,481609,304,45.5,92.3,45.5,66.4,99.1,2.52,11.3,25,0,39,0
FL-3168,Heavy Truck,544075,120,81.6,41.4,52.2,41,87.2,1.22,5.9,9,0,44,0
FL-3169,Utility Pickup,109500,188,67.7,81.2,83.1,51.1,92.6,1.84,10,24,0,23,0
FL-3170,Utility Pickup,484084,350,33.9,62.9,56.8,78,102.3,3.1,8.2,10,0,47,0
FL-3171,Rigid Truck,71971,394,37.5,49.3,25.8,44.9,102.5,2.84,6.9,128,1,74,1
FL-3172,Heavy Truck,118451,268,62.2,37.2,40.3,34.6,94.5,2.09,5.6,39,0,43,1
FL-3173,Heavy Truck,510892,343,84.3,82.2,73.8,32.6,85.7,1.16,10.2,173,1,53,0
FL-3174,Mini Truck,282804,283,76.6,31.5,90.5,36.7,89.2,1.54,5.2,128,1,63,1
FL-3175,Rigid Truck,406814,236,88.9,37.6,85.8,39.8,86.7,1.1,5.7,151,1,60,1
FL-3176,Light Truck,418477,167,52.4,54.3,87.9,32.8,97.9,2.24,7.2,140,1,68,1
FL-3177,Rigid Truck,351566,249,35.7,31.8,34.3,55.7,103.8,2.93,4.9,43,0,59,1
FL-3178,Utility Pickup,236566,283,70.2,30,66.2,78.4,91.7,1.7,4.8,124,1,62,0
FL-3179,Mini Truck,458075,173,69.5,65.7,72.4,84.1,91.6,1.69,8.3,167,1,56,1
FL-3180,Heavy Truck,283858,249,97.1,43.7,37.2,75.6,82.1,0.76,6.3,41,0,32,0
FL-3181,Utility Pickup,206510,416,45.8,54.7,36.9,33,98.8,2.46,7.4,42,0,50,1
FL-3182,Light Truck,497209,127,94.4,97.5,52.6,97.2,83.1,0.88,11.9,41,0,19,0
FL-3183,Mini Truck,41775,230,48.3,67.8,40,72.2,98.5,2.55,8.8,164,1,60,1
FL-3184,Light Truck,242542,178,73.8,62.9,31.4,80.2,91.6,1.65,8,82,0,33,0
FL-3185,Heavy Truck,250818,414,26.6,25.8,33.8,95,105.4,3.38,4.6,58,0,56,1
FL-3186,Utility Pickup,528465,187,53.2,65.5,61.1,78.8,97.7,2.23,8.4,129,1,63,1
FL-3187,Light Truck,203323,138,32,61.8,26.5,39,102.6,3.15,8.1,60,0,51,1
FL-3188,Utility Pickup,42414,181,19.3,75.2,37.2,66.9,107.1,3.41,9.6,108,1,68,1
FL-3189,Light Truck,408270,164,59.8,77.4,74.9,68.2,95.8,2.16,9.9,157,1,58,0
FL-3190,Rigid Truck,513782,118,53.2,61.7,30.7,37.4,96,2.46,8.1,123,1,74,1
FL-3191,Light Truck,317761,344,61.2,75.3,87.4,71.8,95.2,1.95,9.3,110,1,54,1
FL-3192,Heavy Truck,120344,276,20.8,29.1,31.6,85.8,107.4,3.51,4.6,125,1,79,1
FL-3193,Rigid Truck,80826,425,28.6,59.6,45.6,90.4,105.2,3.34,8.1,53,0,45,1
FL-3194,Heavy Truck,204287,85,59,61.1,93.7,53,94.5,1.99,8.1,124,1,54,0
FL-3195,Mini Truck,491669,432,46,49.2,91.7,84.5,100.2,2.54,6.7,75,0,41,0
FL-3196,Rigid Truck,247750,314,32.8,38.8,92.6,69.9,102.6,2.99,5.7,120,1,68,1
FL-3197,Rigid Truck,62433,266,49.1,77.6,25.4,93.8,98,2.62,9.7,96,1,59,1
FL-3198,Heavy Truck,54670,91,55.8,28.2,56.1,57.4,95.4,2.37,4.6,110,1,69,1
FL-3199,Light Truck,415229,120,54.7,65.7,79.4,51.7,97.6,2.2,8.3,61,0,38,0
FL-3200,Heavy Truck,270472,186,45.2,20,29,47.1,100.4,2.59,4,169,1,84,1
FL-3201,Heavy Truck,62878,190,27.6,75.6,58.3,69.8,105.9,3.29,9.6,153,1,63,1
FL-3202,Light Truck,392370,155,57.4,55.2,80.7,84.9,94.7,2.1,7.3,103,1,62,0
FL-3203,Heavy Truck,183453,193,41.3,76.6,72.6,82.8,101.7,2.79,9.5,133,1,56,0
FL-3204,Heavy Truck,285479,460,30.4,31.5,88.2,34.9,105.4,3.1,5.1,114,1,76,1
FL-3205,Heavy Truck,73876,363,36,91.4,95.9,80.6,102.2,3,11,17,1,48,1
FL-3206,Light Truck,363386,217,86.2,94.1,40.5,77.1,85.5,1.14,11.2,120,1,47,1
FL-3207,Mini Truck,79307,330,45.5,76.2,31.2,81.1,99.9,2.72,9.7,104,1,59,0
FL-3208,Rigid Truck,259599,416,56.4,88.3,47.3,98.4,97.3,2.2,10.9,22,0,27,0
FL-3209,Heavy Truck,389478,456,54.1,48.3,74.7,64.9,97,2.39,6.8,140,1,65,0
FL-3210,Utility Pickup,125322,433,20,49.2,58.2,41.2,107.4,3.37,6.8,159,1,75,1
FL-3211,Light Truck,238073,440,33.6,66.6,95.7,30.6,103.8,2.88,8.6,14,0,40,0
FL-3212,Light Truck,157574,153,37,38.5,33.9,66.9,103,2.86,5.9,56,0,52,0
FL-3213,Mini Truck,553360,193,82.4,72.9,29.7,76.1,87.7,1.43,9.4,46,0,36,1
FL-3214,Utility Pickup,162734,141,33.1,94.3,70.7,54.4,104,3.09,11.5,143,1,60,1
FL-3215,Heavy Truck,328501,313,20.7,47.1,87.6,30.5,106.7,3.48,6.6,149,1,79,1
FL-3216,Rigid Truck,557233,256,18.3,28.1,62.8,72.5,109.3,3.52,4.6,134,1,87,1
FL-3217,Mini Truck,82998,232,36.1,29.3,27.8,38.7,103.6,2.93,4.8,11,0,57,1
FL-3218,Light Truck,326077,351,81,87.9,37.6,33.6,87.1,1.25,10.9,131,1,53,1
FL-3219,Heavy Truck,472700,392,84.4,32.6,77.5,66.5,87.5,1.26,4.9,95,1,60,0
FL-3220,Heavy Truck,479727,441,84.3,26.5,49.3,90,85.7,1.17,4.5,45,0,42,0
FL-3221,Light Truck,25641,357,37.8,20.3,89,44,100.8,2.85,3.8,61,1,72,1
FL-3222,Light Truck,337474,451,63.2,22.8,39,81.7,94,2.12,4.3,122,1,72,1
FL-3223,Light Truck,39821,184,72.7,51.6,28.5,75.4,90,1.67,7.2,30,0,33,0
FL-3224,Mini Truck,159393,140,45.9,49.6,70.6,85.9,98.8,2.63,6.7,109,1,63,1
FL-3225,Mini Truck,269371,287,77.5,62.2,42.9,50.2,88.8,1.5,8,35,0,36,0
FL-3226,Rigid Truck,186790,162,51.5,91,77,60.4,97.2,2.33,11.3,130,1,54,1
FL-3227,Rigid Truck,261391,340,29.7,64.1,94.4,55.1,105.2,3.13,8.4,128,1,64,1
FL-3228,Heavy Truck,218805,360,30.2,35.7,58,77.8,105.2,3.12,5.5,151,1,75,1
FL-3229,Light Truck,398413,262,22.3,76.1,58.2,42.6,108.2,3.36,9.5,154,1,75,1
FL-3230,Mini Truck,200095,331,47,28.5,91.3,35.9,97.6,2.48,4.8,35,0,48,0
FL-3231,Heavy Truck,290312,111,29,81.3,29.7,54.6,103.6,3.14,10.3,42,0,46,0
FL-3232,Rigid Truck,501708,186,79.6,28.3,87.9,65.5,88.4,1.37,4.6,42,0,37,0
FL-3233,Rigid Truck,310403,154,32,55.8,78.6,78.3,103.9,3.13,7.6,39,0,45,0
FL-3234,Mini Truck,204616,99,50.6,25.5,66,71.8,97.7,2.28,4.3,82,0,48,0
FL-3235,Heavy Truck,523307,455,40.8,40,51,36.6,102.4,2.82,6,62,0,56,1
FL-3236,Utility Pickup,53817,121,75.8,47.7,81.7,66,88.3,1.46,6.6,34,0,27,0
FL-3237,Light Truck,214169,364,57.6,85.6,62.1,35.7,94.3,2.3,10.7,160,1,56,0
FL-3238,Rigid Truck,89003,176,33.6,87.5,87.2,93.5,102.5,2.98,10.5,79,0,30,0
FL-3239,Rigid Truck,501409,228,20.9,40.9,33.6,53.6,106.1,3.53,5.8,30,1,88,1
FL-3240,Heavy Truck,109386,230,37.1,42.5,68.9,97.5,101.6,2.86,6,5,0,41,0
FL-3241,Rigid Truck,341152,328,22.5,95.1,74.2,43.7,107.3,3.34,11.6,32,0,43,0
FL-3242,Light Truck,214810,412,39.8,83,28.5,74.9,102.1,2.71,10.3,100,1,64,0
FL-3243,Light Truck,273270,310,93.4,84.7,56.7,45.8,83.6,0.97,10.4,126,1,44,0
FL-3244,Rigid Truck,359317,89,63.3,69.2,59.2,91.1,95,2.08,8.9,45,0,34,0
FL-3245,Utility Pickup,341250,273,27,83.5,69.7,62.8,104.2,3.12,10.3,138,1,67,1
FL-3246,Rigid Truck,548684,348,56.2,65.6,73.5,58.6,94.6,2.11,8.4,22,0,38,0
FL-3247,Mini Truck,143682,433,67.8,46.4,95.8,76.5,93.8,1.79,6.5,172,1,54,0
FL-3248,Rigid Truck,423687,420,78.9,41.3,56.6,73.5,87.9,1.48,6.1,84,0,37,0
FL-3249,Utility Pickup,528086,420,26.4,72.7,68.9,45.7,106.2,3.16,9.1,126,1,71,1
FL-3250,Light Truck,559675,222,33.3,92.9,63.6,50.8,104.5,2.91,11.1,147,1,67,1
FL-3251,Mini Truck,187480,357,90.4,87.6,88.7,40.9,83.7,0.97,10.9,86,0,17,0
FL-3252,Mini Truck,46001,361,63.1,24.8,45.1,32,92.4,2.08,4.4,15,0,47,0
FL-3253,Heavy Truck,105651,315,43.7,78.9,66.8,43.2,99.6,2.62,9.7,103,1,60,1
FL-3254,Light Truck,166381,246,67,95.5,74.1,61.3,92.7,1.83,11.7,158,1,44,0
FL-3255,Mini Truck,402617,326,41.3,25,79.3,96.7,100.9,2.69,4.5,120,1,74,1
FL-3256,Mini Truck,219875,311,81.9,88.8,64.7,49.2,86.9,1.24,10.8,79,0,24,0
FL-3257,Mini Truck,514342,460,23.6,66.9,61.2,90.8,106.4,3.27,8.8,175,1,73,0
FL-3258,Utility Pickup,518434,186,52.4,46.4,83.8,37.2,96.5,2.35,6.5,51,0,48,0
FL-3259,Heavy Truck,498030,440,58.5,72.7,67,39.3,94,2.03,9.2,34,0,40,0
FL-3260,Utility Pickup,418193,178,36.9,63.1,89.8,58.4,102,2.95,8.1,60,0,43,0
FL-3261,Mini Truck,398131,420,90.4,91.8,73,93.3,85.9,0.92,11.1,102,1,40,0
FL-3262,Heavy Truck,201069,270,51.3,68.7,87.1,53.5,99,2.36,8.7,150,1,58,1
FL-3263,Mini Truck,160358,260,53.6,77.1,89.6,44.2,97.2,2.25,9.6,69,0,29,0
FL-3264,Utility Pickup,117725,230,36.7,51,27.9,47.8,100.9,2.91,6.9,160,1,74,1
FL-3265,Rigid Truck,548973,217,43.9,91.4,33.4,94.2,99.3,2.54,11.2,120,1,61,0
FL-3266,Rigid Truck,526766,223,34.6,59.7,32.6,33.3,102.3,2.92,7.9,5,0,55,0
FL-3267,Utility Pickup,519881,441,78.7,92.7,33.5,47.7,88.9,1.49,11.1,36,0,33,0
FL-3268,Utility Pickup,482624,191,22.7,88.2,94.3,50.4,106.4,3.31,10.7,46,1,67,1
FL-3269,Light Truck,294255,90,83.9,98.1,35.1,66.4,86.1,1.23,11.8,150,1,47,0
FL-3270,Rigid Truck,88863,425,52,27.9,59.7,55.8,97.2,2.32,4.8,161,1,69,1
FL-3271,Utility Pickup,125281,327,39.7,37.9,37.5,70.5,100.3,2.9,5.8,83,1,73,1
FL-3272,Mini Truck,306305,315,30.7,82.5,55.2,46.5,103.1,3.1,10.4,19,0,44,0
FL-3273,Rigid Truck,551094,380,93,31,61.7,62.8,83.6,0.93,5,148,1,62,1
FL-3274,Rigid Truck,32266,401,66.6,74.7,35.1,57.7,93.9,1.76,9.3,150,1,55,1
FL-3275,Mini Truck,98509,126,61.7,47.6,49.5,68.2,95.5,2,6.6,82,0,38,0
FL-3276,Light Truck,149325,109,52.5,28.8,47.5,42.6,98.1,2.41,4.9,31,0,50,0
FL-3277,Light Truck,236542,250,23.4,96.9,94.6,92.7,106.8,3.4,11.6,110,1,54,0
FL-3278,Rigid Truck,436603,235,35,44.5,37.1,46.7,103.1,2.88,6.4,169,1,80,1
FL-3279,Mini Truck,137160,121,37.7,53,27.8,84.5,102.3,2.79,7.2,167,1,71,1
FL-3280,Light Truck,129431,82,90.7,21.4,26.7,97.2,84.6,1.05,4.1,102,1,60,0
FL-3281,Rigid Truck,247092,265,72.4,96.4,87.2,38.5,91.3,1.6,11.8,27,0,20,0
FL-3282,Utility Pickup,38996,370,90.1,95.1,31.5,32.9,85.8,0.92,11.4,90,1,47,1
FL-3283,Light Truck,507164,138,93.6,61.5,95.3,95.2,84.3,1.05,8.1,106,1,46,0
FL-3284,Utility Pickup,253598,157,31.1,51.1,39.9,31.8,105.5,3.24,7.2,19,0,55,0
FL-3285,Utility Pickup,322024,393,25,78.2,39.9,96.3,106.5,3.31,9.9,57,0,43,0
FL-3286,Utility Pickup,106250,108,32.2,30.3,83.1,84.1,102.4,3.16,5,44,0,44,0
FL-3287,Utility Pickup,291738,123,80,32,95.6,70.9,88.8,1.32,5.1,174,1,58,0
FL-3288,Light Truck,57613,209,70.1,79.3,52.5,69.3,90.2,1.8,9.8,83,0,26,0
FL-3289,Utility Pickup,101827,307,58.9,38.6,92,64.5,95.8,2.21,5.7,122,1,58,0
FL-3290,Rigid Truck,116970,112,35.4,87.4,48.6,73.6,101.8,2.98,10.5,141,1,60,1
FL-3291,Utility Pickup,338633,263,57.3,42.1,41.3,78,95.7,2.05,6.1,39,0,44,1
FL-3292,Light Truck,53110,458,78.5,45.5,86.1,81.9,89.3,1.41,6.5,20,0,25,0
FL-3293,Light Truck,430107,104,47.8,79.9,57.8,56.8,98.7,2.42,10,169,1,64,1
FL-3294,Light Truck,177124,102,56.7,97.2,47.5,74.6,95.3,2.24,11.9,90,0,26,0
FL-3295,Rigid Truck,414056,253,20.9,39.3,44.2,98.2,106.3,3.55,5.9,69,1,80,1
FL-3296,Rigid Truck,529071,368,65.9,49.9,76,76.8,92.8,1.96,6.8,130,1,62,0
FL-3297,Mini Truck,372252,116,41,22.3,29,59.6,99.9,2.7,4.1,45,0,58,1
FL-3298,Heavy Truck,499681,281,83.9,98.7,27.8,39.4,87.6,1.28,12,174,1,55,0
FL-3299,Rigid Truck,250755,393,86.9,22.9,84.2,64.6,86.8,1.13,3.9,42,0,35,0
FL-3300,Light Truck,86120,176,66.4,58.3,81.5,94.3,91.4,1.83,7.9,170,1,49,0
FL-3301,Utility Pickup,396668,228,50.5,30.3,62.2,46.5,98.1,2.36,4.8,29,0,53,0
FL-3302,Heavy Truck,437619,374,49.5,93.7,64.8,48.8,97.9,2.39,11.3,36,0,36,0
FL-3303,Utility Pickup,509483,140,96.2,66.7,53.5,77.3,84.4,0.76,8.5,69,1,53,0
FL-3304,Rigid Truck,246484,369,74.6,80.5,94.3,43.7,89.6,1.46,9.9,67,0,24,0
FL-3305,Light Truck,113702,371,95.9,87.5,86.1,91,82,0.7,10.8,62,0,9,0
FL-3306,Mini Truck,43561,414,91.8,50.6,48.2,45.9,85.7,0.9,6.8,129,1,53,0
FL-3307,Utility Pickup,394926,177,41.9,82.3,25.5,30.4,101.9,2.77,10,160,1,72,1
FL-3308,Mini Truck,286651,167,53.2,47.7,48.9,83.5,97.3,2.24,6.7,140,1,67,1
FL-3309,Light Truck,538804,166,63.4,32.6,65.3,94.9,93.3,1.89,5,52,0,43,0
FL-3310,Heavy Truck,23459,341,45.8,26.8,94.9,88.2,98.8,2.62,4.5,35,0,39,0
FL-3311,Heavy Truck,345788,411,31.6,91.6,56.6,98.8,103.9,3.22,11.3,5,0,34,0
FL-3312,Mini Truck,135343,236,86.8,70,31.1,68.2,86.4,1.04,9.1,43,1,52,0
FL-3313,Light Truck,226374,360,43.4,85,26.5,42.8,101.6,2.7,10.3,10,0,42,0
FL-3314,Heavy Truck,299190,278,63.8,68.8,76.9,59.9,93.7,1.97,9,160,1,56,1
FL-3315,Heavy Truck,359402,89,77.1,23.4,33.2,57.5,89.3,1.61,4.4,106,1,71,1
FL-3316,Rigid Truck,530880,458,91.8,84.2,35.5,49.3,83.9,1,10.4,29,0,30,0
FL-3317,Light Truck,95458,112,97,47.5,70.8,57.7,83.3,0.8,6.8,5,0,24,0
FL-3318,Heavy Truck,125250,271,38.8,97.6,73.8,50,100.8,2.82,11.7,87,0,31,0
FL-3319,Utility Pickup,540781,87,39.5,59.8,95.5,38.6,101.1,2.77,8,109,1,68,1
FL-3320,Heavy Truck,165184,284,85.2,29.8,57.6,69.2,85.3,1.34,4.7,86,0,33,0
FL-3321,Utility Pickup,62843,370,86,50.6,65.4,47.7,86.4,1.13,7.1,83,0,29,0
FL-3322,Heavy Truck,449102,162,93.3,51,63.4,60.7,85.5,0.89,7.1,88,1,54,1
FL-3323,Rigid Truck,274148,364,22.2,54.7,38.3,90.5,107.9,3.51,7.3,35,0,52,0
FL-3324,Utility Pickup,407953,438,80.9,87,95.9,31.6,89.5,1.24,10.8,86,0,25,0
FL-3325,Rigid Truck,297858,372,40.3,52.4,87.9,83.3,102.4,2.94,7.3,156,1,63,1
FL-3326,Light Truck,88595,174,53.8,78.3,84.7,73.8,95.5,2.37,9.8,152,1,49,0
FL-3327,Rigid Truck,272353,456,93.3,91.8,92.6,84,83.2,0.95,11.2,122,1,34,0
FL-3328,Light Truck,164685,265,56,28.2,74.4,97.1,96.9,2.38,4.6,27,0,39,0
FL-3329,Mini Truck,321651,374,25.5,29.2,46.5,98.3,105.6,3.24,4.7,69,0,54,0
FL-3330,Heavy Truck,180694,374,36.7,78.5,29.8,67,101,2.95,9.7,151,1,66,0
FL-3331,Mini Truck,476485,412,75.5,85.2,60.5,50.1,89.7,1.48,10.5,117,1,55,0
FL-3332,Heavy Truck,184551,137,91.4,35.9,52,44.2,84.2,0.96,5.4,18,0,35,0
FL-3333,Utility Pickup,425386,383,92.7,65.1,88.1,53.2,83.7,1.05,8.5,59,0,27,0
FL-3334,Heavy Truck,422349,155,95.3,78.3,63.9,67.6,82.3,0.84,9.7,58,0,23,0
FL-3335,Mini Truck,359600,236,32.9,75.5,44.4,82.1,104.9,2.92,9.7,170,1,67,0
FL-3336,Heavy Truck,366205,131,94.5,42.8,65.5,69.7,85.2,0.9,6.1,6,0,31,0
FL-3337,Heavy Truck,182459,121,39.5,52.4,79.3,86.1,100.2,2.92,7.3,147,1,65,0
FL-3338,Utility Pickup,355468,173,44.5,63.4,28.3,58.5,101,2.78,8.4,7,0,46,0
FL-3339,Mini Truck,53951,156,40.6,29.4,63.2,70.5,102.1,2.88,4.9,99,1,72,1
FL-3340,Heavy Truck,492117,166,72.9,52.6,65.5,62.8,91.1,1.58,7.1,147,1,62,1
FL-3341,Rigid Truck,68883,220,19.5,78.5,62.1,96.5,106.7,3.46,9.8,59,0,38,0
FL-3342,Heavy Truck,514811,335,68.1,74.3,74.1,41.4,91.1,1.82,9.4,161,1,60,1
FL-3343,Mini Truck,524187,329,57.8,42.9,25.5,30.6,95.5,2.03,6.1,30,0,53,1
FL-3344,Heavy Truck,408306,392,49.3,26.9,56.6,65.3,97.6,2.48,4.4,87,0,53,0
FL-3345,Utility Pickup,537450,359,20.9,46,40.5,76.2,107.4,3.5,6.4,96,1,83,1
FL-3346,Heavy Truck,497514,316,94.4,63.2,48.8,46.4,85,0.97,8.1,126,1,55,0
FL-3347,Mini Truck,479641,260,43.1,50.8,82.4,59.5,100,2.69,6.9,165,1,70,1
FL-3348,Heavy Truck,98454,154,80.1,67.8,29.3,35.1,89.1,1.46,8.7,40,0,31,1
FL-3349,Rigid Truck,495660,122,69.4,91.8,80.2,43.8,92.8,1.76,11.3,143,1,54,1
FL-3350,Utility Pickup,518053,274,88.9,32.6,52.3,64.2,84.1,1.2,5.1,116,1,62,0
FL-3351,Heavy Truck,96706,118,46.2,44.5,43.7,78.5,99.8,2.64,6.3,93,1,68,1
FL-3352,Mini Truck,262236,114,97.2,67.2,51.7,87.7,83.7,0.68,8.7,84,0,22,0
FL-3353,Utility Pickup,33541,168,90.1,87,87.8,85,84.3,0.93,10.7,62,0,10,0
FL-3354,Rigid Truck,88751,131,31.9,84.2,81.6,95.8,103.5,3.06,10.4,150,1,54,0
FL-3355,Light Truck,380886,303,94.1,55.2,54.4,84.1,84.4,0.96,7.5,40,0,26,0
FL-3356,Rigid Truck,443398,126,67.2,27.6,92.4,71.5,91.8,1.72,4.7,115,1,66,1
FL-3357,Heavy Truck,447556,224,32.8,91.1,67.5,66.7,103,3.14,10.9,50,0,41,0
FL-3358,Utility Pickup,300817,111,22.3,29.2,45.9,48.1,107.1,3.54,4.8,75,0,61,0
FL-3359,Mini Truck,443471,305,56.2,78.2,72.8,40,95.6,2.15,9.8,69,0,39,0
FL-3360,Heavy Truck,360959,250,93.8,48,94.1,48.4,84.2,1.01,6.9,34,0,27,0
FL-3361,Utility Pickup,399120,154,25.7,35.8,65.3,49,104.6,3.29,5.3,146,1,81,1
FL-3362,Light Truck,204968,417,50.9,20.2,87.3,92.9,96.7,2.34,3.8,100,1,66,0
FL-3363,Rigid Truck,267436,349,60.3,88.1,45.3,68.2,94,2.11,10.8,139,1,54,1
FL-3364,Rigid Truck,410118,195,56.9,86.3,31.2,63.2,97.1,2.09,10.8,61,0,37,0
FL-3365,Mini Truck,559774,222,64.5,55,78.3,46.6,93.8,1.84,7.3,150,1,66,1
FL-3366,Mini Truck,87471,161,29,52.2,70.3,76.1,105.5,3.32,7.2,83,0,42,0
FL-3367,Rigid Truck,388601,363,55.6,46.9,63.5,98.3,94.8,2.33,6.5,114,1,63,1
FL-3368,Heavy Truck,114415,222,77.9,92,88.7,66.3,88.7,1.4,11.3,47,0,15,0
FL-3369,Utility Pickup,504374,355,46.3,77.4,25.3,74.9,98.7,2.71,9.5,103,1,67,1
FL-3370,Heavy Truck,308261,460,79.9,21,25,94.6,89.6,1.55,3.8,43,0,44,0
FL-3371,Light Truck,273117,427,78.7,80.1,25.6,31,89.8,1.43,10,58,1,59,1
FL-3372,Utility Pickup,372993,382,45.4,89.8,55.4,40.6,100.5,2.58,10.9,12,0,39,0
FL-3373,Rigid Truck,358976,408,97.4,90.8,43,32.4,83.8,0.92,11.1,87,0,23,0
FL-3374,Heavy Truck,226025,110,21.7,45.6,80.9,76.8,107.8,3.52,6.4,166,1,74,1
FL-3375,Mini Truck,152009,179,63.5,49,62.8,90.6,95,2.05,6.9,68,0,33,0
FL-3376,Utility Pickup,311302,419,85.7,33.2,41,71.1,85.6,1.2,5.2,119,1,61,1
FL-3377,Mini Truck,194540,174,44.9,98.6,84.2,87.3,99.6,2.68,11.8,73,0,25,0
FL-3378,Light Truck,553826,158,42.7,98.1,79.8,31.3,100.2,2.71,11.8,113,1,62,1
FL-3379,Light Truck,501269,382,85.5,36.7,44.2,37.6,85.2,1.07,5.4,130,1,69,1
FL-3380,Rigid Truck,323761,297,76.9,81.5,47.8,70.2,90.7,1.48,9.9,146,1,52,0
FL-3381,Light Truck,289138,260,41.7,41.7,72.2,51.7,101.2,2.76,6,88,0,49,1
FL-3382,Mini Truck,320721,451,67.4,60.7,25.1,83.6,91.3,1.83,8.2,4,0,39,0
FL-3383,Heavy Truck,138727,113,94.2,67.2,47.9,60,82.8,0.88,8.5,157,1,47,1
FL-3384,Light Truck,178545,147,89,33.9,28.6,31.3,85.1,1.17,5.4,41,0,42,0
FL-3385,Light Truck,84564,123,94.1,73.3,65.1,56.4,85.2,1,9.1,96,1,45,0
FL-3386,Utility Pickup,218030,247,88,94.4,86.4,31.2,84.7,1.23,11.6,54,0,18,0
FL-3387,Heavy Truck,479934,113,63.1,27.1,71.5,74.7,94.4,1.95,4.6,172,1,68,1
FL-3388,Mini Truck,171453,288,60.2,65.2,68.9,75,96,1.97,8.5,95,1,55,1
FL-3389,Light Truck,414636,360,47,98.4,42.6,49.5,100.2,2.54,11.7,144,1,60,1
FL-3390,Utility Pickup,156911,287,48.4,80.7,29.5,76.6,98.1,2.57,10.1,104,1,62,1
FL-3391,Utility Pickup,409456,143,21.5,64.7,49,53.6,107.4,3.31,8.2,118,1,75,1
FL-3392,Mini Truck,499021,338,33.5,75.4,64.4,81.5,101.9,3.01,9.7,105,1,66,1
FL-3393,Rigid Truck,367613,118,22.2,45.5,62.5,49.8,105.9,3.42,6.4,64,1,79,1
FL-3394,Rigid Truck,145992,127,95.3,23.2,87.6,45.9,82.6,0.75,4.4,85,0,29,0
FL-3395,Rigid Truck,93788,419,71.2,59.9,82.1,60.6,90.5,1.79,7.8,94,1,50,0
FL-3396,Heavy Truck,499601,278,88.3,27.6,53.5,81.3,84.7,0.96,4.8,115,1,65,0
FL-3397,Rigid Truck,518216,205,55.9,57.2,77.3,75.3,97.6,2.13,7.8,131,1,65,1
FL-3398,Utility Pickup,395634,267,28.5,72.1,29.9,34.5,104,3.34,9.1,4,0,53,0
FL-3399,Utility Pickup,262002,359,62,29.4,84.2,88.1,94.3,2.18,4.6,124,1,61,1
FL-3400,Light Truck,92420,332,35.4,41.2,94.6,90.4,103.6,2.95,6,8,0,38,0
FL-3401,Heavy Truck,62299,365,80.6,92.7,88.9,95.6,88.7,1.25,11.1,114,1,36,1
FL-3402,Utility Pickup,398507,448,36.2,89.3,76.5,43.1,102.7,3.01,11.1,135,1,64,0
FL-3403,Heavy Truck,156520,257,78.9,21.3,62.8,38.5,88.5,1.58,4.1,89,1,65,1
FL-3404,Mini Truck,466770,94,30.2,41.1,57,56.2,105.1,3.17,5.8,156,1,81,1
FL-3405,Rigid Truck,380411,161,80.5,39.7,72.6,55.1,89.2,1.39,6,3,0,38,0
FL-3406,Light Truck,536386,336,29.6,41.8,31.1,51.6,105.2,3.12,6.2,10,0,62,1
FL-3407,Rigid Truck,551448,278,68.8,66.9,31.9,70.3,93.4,1.76,8.6,118,1,65,0
FL-3408,Mini Truck,280352,305,61.4,41.2,32,65.1,93.3,2.01,6.2,112,1,68,1
FL-3409,Light Truck,39008,286,43.2,69,78,86.6,101.2,2.64,8.8,71,0,30,0
FL-3410,Utility Pickup,367600,274,29,69,70.4,45,105.2,3.33,8.7,173,1,69,0
FL-3411,Heavy Truck,121906,200,50.3,37,83.9,79.6,97.4,2.3,5.7,135,1,61,1
FL-3412,Heavy Truck,310241,110,40.8,91.6,92.1,42.2,102.4,2.64,11.1,105,1,57,0
FL-3413,Mini Truck,271887,144,69.7,32.2,57.7,53,90.5,1.63,5,143,1,65,1
FL-3414,Heavy Truck,416976,428,95.1,77.2,43.5,38.4,82.2,0.82,9.8,62,0,28,0
FL-3415,Light Truck,384763,302,44.6,54.8,87.9,61.6,98.9,2.55,7.3,97,1,67,1
FL-3416,Utility Pickup,85168,427,53.2,37,86.8,73.7,96.8,2.19,5.4,140,1,60,0
FL-3417,Light Truck,301163,234,95.4,70.5,32.3,86.1,83.9,0.76,9.1,95,1,49,0
FL-3418,Utility Pickup,441590,377,49,57.5,87.4,50.5,97.1,2.56,7.7,61,0,42,1
FL-3419,Heavy Truck,448465,115,83.8,68,86.9,48.2,85.9,1.3,8.7,117,1,51,1
FL-3420,Rigid Truck,368503,143,64.1,84.7,87.6,85.8,92.7,1.97,10.4,82,0,23,0
FL-3421,Mini Truck,124528,272,44.6,94.6,73,64.9,100.6,2.6,11.6,160,1,52,0
FL-3422,Mini Truck,371830,158,26.8,78.1,42.4,60.8,106.5,3.32,9.9,105,1,72,1
FL-3423,Utility Pickup,230276,437,85.7,40.5,94.3,40,85.9,1.19,5.9,15,0,30,0
FL-3424,Utility Pickup,102957,398,92.3,64.7,64.8,82.6,83.5,1.07,8.5,33,0,19,0
FL-3425,Mini Truck,410130,227,43,85.4,56.2,86.3,99.2,2.63,10.5,51,0,38,1
FL-3426,Mini Truck,328959,195,48.2,72.6,93.5,94,97.5,2.41,9.2,48,0,32,0
FL-3427,Rigid Truck,410149,365,91.2,32.8,51.5,36.5,84.9,1.11,5.1,72,0,41,0
FL-3428,Mini Truck,138111,104,77.8,38.9,90.8,51.4,87.7,1.55,5.6,161,1,56,0
FL-3429,Light Truck,406440,90,56,80.9,76.6,38.9,96.7,2.16,9.9,114,1,61,0
FL-3430,Rigid Truck,158770,141,83,65,59.7,83.1,88.7,1.26,8.4,64,0,23,0
FL-3431,Heavy Truck,61220,342,27.9,55.4,80.6,93.9,104.5,3.08,7.3,70,0,38,0
FL-3432,Light Truck,36491,219,37.3,86.4,79.3,47.5,103.1,2.86,10.6,135,1,57,0
FL-3433,Light Truck,41340,226,35.5,36.5,74.8,93.3,101.9,3.08,5.7,69,0,40,0
FL-3434,Heavy Truck,26595,229,96.7,42.7,50,71.6,82,0.92,6.3,67,0,28,0
FL-3435,Light Truck,80066,331,45.8,40.7,30.6,61.2,98.7,2.71,6,149,1,72,0
FL-3436,Mini Truck,296038,250,80.6,50.4,55.5,72.8,87.1,1.5,6.8,57,0,33,0
FL-3437,Light Truck,550822,304,52.2,78.2,26.1,59.7,96.1,2.3,9.9,23,0,44,0
FL-3438,Utility Pickup,68241,386,83.4,25.7,90.3,68.4,86.3,1.3,4.3,121,1,54,0
FL-3439,Mini Truck,388721,211,22.2,62.9,69,97.3,106.6,3.36,8.4,9,0,46,0
FL-3440,Heavy Truck,383827,100,40.2,93.5,70,86,101.5,2.81,11.3,33,0,32,0
FL-3441,Light Truck,233972,155,56.9,29.8,89.4,40.6,96.6,2.14,4.8,69,1,66,0
FL-3442,Heavy Truck,126995,292,33.2,81.7,70.2,36.5,103.1,2.97,10.3,84,0,39,0
FL-3443,Utility Pickup,463022,208,47.2,64.4,63.1,80.4,99.9,2.69,8.3,116,1,65,0
FL-3444,Light Truck,429194,190,32.1,78.9,26.5,98.2,103.8,3.2,9.8,166,1,70,0
FL-3445,Heavy Truck,529019,215,84.8,23.4,76.9,94.6,87.5,1.26,4.3,131,1,62,0
FL-3446,Light Truck,327669,233,63.2,71.8,58.3,97.9,95.1,2,8.9,52,0,29,0
FL-3447,Rigid Truck,34439,147,51.3,32.1,63.7,92.5,98.3,2.38,5.2,19,0,38,0
FL-3448,Rigid Truck,475445,410,47.1,81.7,77.8,30.6,97.8,2.67,10.2,31,0,39,0
FL-3449,Utility Pickup,402531,85,66.4,32.5,94.8,45.3,91.4,2.01,4.9,33,0,41,0
FL-3450,Utility Pickup,507160,121,96.5,64.2,34.4,52.5,83.2,0.79,8.2,91,1,58,0
FL-3451,Rigid Truck,221972,320,21.4,45.2,80,39.3,106.6,3.49,6.5,48,0,53,0
FL-3452,Rigid Truck,453036,367,92.3,20.8,41.2,72.2,83.9,1.02,4.1,86,0,42,1
FL-3453,Utility Pickup,53656,105,87.1,39.1,79.5,71.6,86.3,1.16,5.8,139,1,50,1
FL-3454,Heavy Truck,537950,278,32,94.9,47.7,81.3,104.3,3.07,11.5,75,1,66,0
FL-3455,Utility Pickup,497069,348,62.8,96.4,47,31.7,93.3,2.07,11.8,52,0,34,1
FL-3456,Heavy Truck,56357,350,70.4,87.6,39.8,82.8,91.8,1.85,10.7,122,1,48,0
FL-3457,Mini Truck,47700,114,63.6,20.2,53.2,79.2,93.1,1.87,3.9,36,0,40,0
FL-3458,Rigid Truck,485676,261,48.9,54.8,75.3,66.4,99.5,2.45,7.2,10,0,43,0
FL-3459,Light Truck,31406,297,36.6,41.7,31.9,97.1,102.7,2.87,6.1,47,1,68,1
FL-3460,Rigid Truck,413469,196,68.4,55.5,74.7,82.9,93,1.75,7.6,140,1,59,1
FL-3461,Rigid Truck,402597,288,89.8,33.9,79.9,83.1,84.7,1.16,5.1,11,0,30,0
FL-3462,Mini Truck,547674,109,92.3,69.3,47.2,77.4,83.7,0.84,8.8,3,0,28,0
FL-3463,Rigid Truck,389571,376,24.6,30.5,46.4,74.7,106.5,3.32,4.9,84,0,57,0
FL-3464,Light Truck,442076,396,83.5,44.7,29.9,72.4,88.4,1.35,6.2,72,0,39,0
FL-3465,Mini Truck,331834,402,55.9,37.6,27.2,38.9,97.2,2.14,5.7,167,1,77,1
FL-3466,Light Truck,275529,429,97.2,85.8,40.8,30.9,83.7,0.78,10.5,74,0,23,0
FL-3467,Mini Truck,62040,290,54.8,37,68.5,31.4,97,2.18,5.6,20,0,45,0
FL-3468,Mini Truck,373881,384,28.5,23.6,89.7,34.3,106.1,3.12,4.2,13,0,56,1
FL-3469,Utility Pickup,540983,166,86.8,21.5,27.1,48.7,86,1.04,4.1,105,1,72,1
FL-3470,Rigid Truck,103577,174,81.2,45.4,70.8,46.1,86.9,1.25,6.4,96,1,55,0
FL-3471,Light Truck,382180,359,27.3,96.7,81,59.8,106.5,3.15,11.8,54,0,38,0
FL-3472,Rigid Truck,120042,267,88.4,86.5,79.9,34,84.5,0.96,10.4,175,1,41,1
FL-3473,Rigid Truck,92768,354,27.6,47,33.3,38.8,104.5,3.1,6.6,7,0,52,0
FL-3474,Utility Pickup,470120,432,64.7,89.1,82.3,32.8,92.2,1.87,10.8,131,1,54,0
FL-3475,Utility Pickup,268248,125,80,58,76.2,94.5,87.8,1.42,7.9,40,0,24,0
FL-3476,Mini Truck,318724,218,33.7,83,78.3,74.7,104.1,2.89,10.3,54,0,36,0
FL-3477,Light Truck,66293,157,87.2,75.8,43.5,33.3,86.4,1.3,9.6,74,0,27,0
FL-3478,Utility Pickup,491232,195,25.7,31.1,79.4,95.8,107,3.44,5,99,1,79,1
FL-3479,Rigid Truck,134773,115,64.9,95,78.7,53.6,93.7,1.96,11.5,82,1,48,0
FL-3480,Heavy Truck,82293,332,69,82.2,71.9,92.1,92.8,1.84,10.3,76,0,20,0
FL-3481,Heavy Truck,492654,112,40.4,96.8,46.7,40.2,100.6,2.79,11.7,29,0,41,0
FL-3482,Heavy Truck,416802,338,92,93.4,81.7,76.4,84.1,0.91,11.2,22,0,18,0
FL-3483,Mini Truck,139321,116,58.3,46.7,59.6,65,94.7,2.04,6.5,37,0,38,0
FL-3484,Heavy Truck,131544,253,76.2,97.6,80.7,78.1,89.9,1.4,11.7,149,1,38,0
FL-3485,Heavy Truck,208242,201,88,59.8,87.9,39.5,86.6,1.04,8,39,0,24,0
FL-3486,Light Truck,107819,412,27.2,56.7,95.8,47.2,106.3,3.32,7.6,35,0,42,1
FL-3487,Light Truck,403738,128,58,80.8,40.7,41.3,94.1,2.28,9.9,146,1,65,1
FL-3488,Rigid Truck,272393,251,65.2,75.3,67,82.7,92.1,1.81,9.5,4,1,51,0
FL-3489,Light Truck,385551,209,24,61.3,54.9,63.6,106.3,3.32,8,52,1,75,1
FL-3490,Mini Truck,209399,382,41.4,67.6,67.4,46.1,101.2,2.73,8.5,143,1,67,1
FL-3491,Mini Truck,459310,326,50.5,98.5,82.5,50.4,96.8,2.52,11.8,103,1,55,0
FL-3492,Rigid Truck,467688,307,66.6,86,88.7,81.4,91.7,1.87,10.6,162,1,51,1
FL-3493,Utility Pickup,201032,253,38.7,98.4,77.1,93.5,102.3,2.81,12,84,0,27,0
FL-3494,Heavy Truck,422492,278,35.7,36.6,61,76.8,101.3,2.8,5.5,46,0,50,0
FL-3495,Utility Pickup,256012,99,87.5,29.8,38.2,52.6,87,1.22,5,63,0,39,0
FL-3496,Heavy Truck,418103,105,61.2,25.8,54.2,66.7,95.4,2.11,4.4,148,1,73,1
FL-3497,Mini Truck,203123,222,66.1,62.3,86.9,62.7,92.9,1.81,8.3,65,0,30,0
FL-3498,Light Truck,362464,97,77.7,45,54.4,32.4,88.7,1.34,6.6,115,1,65,0
FL-3499,Light Truck,452081,329,90.9,76.5,68.8,93.8,86.1,1.14,9.6,80,0,23,0
FL-3500,Utility Pickup,168222,122,95.6,92.5,84.9,56.2,83.2,0.97,11.2,131,1,38,0